artifact_id,level,raw_material,artifact_class,completeness
3,BARF,CrystallineQuartz,CompFlake,Complete
4,BARF,CrystallineQuartz,CompFlake,Complete
5,BARF,CrystallineQuartz,CompFlake,Complete
6,BARF,CrystallineQuartz,FlakeFrag,Fragment
7,BARF,CrystallineQuartz,FlakeFrag,Fragment
8,BARF,CrystallineQuartz,FlakeFrag,Fragment
9,BARF,CrystallineQuartz,HammerManuport,Fragment
10,BARF,CrystallineQuartz,FlakeFrag,ProxLeftLat
11,BARF,CrystallineQuartz,CompFlake,Complete
12,BARF,CrystallineQuartz,FlakeFrag,Fragment
13,BARF,CrystallineQuartz,HammerManuport,Complete
14,BARF,CrystallineQuartz,CompFlake,Complete
16,RF,CrystallineQuartz,Splinter,Complete
17,BARF,CrystallineQuartz,FlakeFrag,Proximal
18,BARF,CrystallineQuartz,FlakeFrag,Mesial
19,BARF,CrystallineQuartz,Splinter,Complete
20,BARF,CrystallineQuartz,CompFlake,Complete
21,BARF,CrystallineQuartz,FlakeFrag,Distal
22,BARF,CrystallineQuartz,Chunk,Fragment
23,BARF,CrystallineQuartz,FlakeFrag,Fragment
24,BARF,CrystallineQuartz,CompFlake,Complete
25,BARF,CrystallineQuartz,FlakeFrag,Proximal
26,BARF,CrystallineQuartz,Splinter,Fragment
27,BARF,CrystallineQuartz,CompFlake,Complete
28,BARF,CrystallineQuartz,RetouchedPiece,Complete
29,BARF,CrystallineQuartz,FlakeFrag,Proximal
52,BARF,FineChert,CompFlake,Complete
53,BARF,FineChert,FlakeFrag,Proximal
54,BARF,FineChert,FlakeFrag,Proximal
56,BARF,FineChert,FlakeFrag,Fragment
59,BARF,FineChert,FlakeFrag,Fragment
60,BARF,FineChert,FlakeFrag,Mesial
61,BARF,FineChert,CompFlake,Complete
62,BARF,CoarseChert,FlakeFrag,Proximal
63,BARF,FineChert,FlakeFrag,Proximal
64,BARF,FineChert,FlakeFrag,Proximal
66,BARF,FineChert,FlakeFrag,Distal
67,BARF,FineChert,FlakeFrag,Fragment
70,BARF,FineChert,CompFlake,Complete
71,BARF,FineChert,FlakeFrag,Fragment
72,BARF,FineChert,FlakeFrag,Fragment
73,BARF,FineChert,FlakeFrag,Fragment
74,BARF,FineChert,FlakeFrag,Proximal
76,BARF,FineChert,FlakeFrag,Fragment
78,BARF,FineChert,FlakeFrag,Mesial
80,BARF,FineChert,FlakeFrag,Mesial
83,BARF,FineChert,FlakeFrag,Fragment
84,BARF,FineChert,CompFlake,Complete
85,BARF,Dolerite,FlakeFrag,Fragment
88,BARF,FineChert,FlakeFrag,Fragment
89,BARF,CoarseChert,FlakeFrag,Fragment
90,BARF,FineChert,FlakeFrag,Fragment
92,BARF,FineChert,Utilized,Proximal
94,BARF,FineChert,FlakeFrag,Fragment
95,BARF,FineChert,CompFlake,Complete
98,BARF,FineChert,CompFlake,Complete
101,BARF,FineChert,FlakeFrag,Fragment
102,BARF,FineChert,FlakeFrag,Proximal
104,BARF,FineChert,FlakeFrag,Fragment
105,BARF,FineChert,FlakeFrag,Fragment
106,BARF,FineChert,CompFlake,Complete
107,BARF,FineChert,CompFlake,Complete
108,BARF,FineChert,FlakeFrag,Proximal
109,BARF,FineChert,FlakeFrag,Distal
110,BARF,FineChert,FlakeFrag,Distal
111,BARF,FineChert,FlakeFrag,Proximal
112,BARF,FineChert,CompFlake,Complete
113,BARF,FineChert,FlakeFrag,Fragment
115,BARF,FineChert,FlakeFrag,Distal
116,BARF,FineChert,FlakeFrag,Proximal
117,BARF,FineChert,FlakeFrag,Fragment
118,BARF,FineChert,CompFlake,Complete
119,BARF,FineChert,FlakeFrag,Proximal
120,BARF,FineChert,FlakeFrag,Proximal
121,BARF,FineChert,FlakeFrag,Proximal
122,BARF,CrystallineQuartz,FlakeFrag,Fragment
123,BARF,FineChert,FlakeFrag,Proximal
124,BARF,Agate,CompFlake,Complete
126,BARF,FineChert,FlakeFrag,Fragment
127,BARF,FineChert,FlakeFrag,Proximal
128,BARF,FineChert,FlakeFrag,Distal
130,BARF,CoarseChert,FlakeFrag,Proximal
131,BARF,FineChert,FlakeFrag,Fragment
132,BARF,FineChert,FlakeFrag,Fragment
134,BARF,FineChert,CompFlake,Complete
137,BARF,FineChert,FlakeFrag,Fragment
140,BARF,FineChert,CompFlake,Complete
141,BARF,FineChert,CompFlake,Complete
142,BARF,FineChert,FlakeFrag,Proximal
146,BARF,FineChert,FlakeFrag,Proximal
147,BARF,FineChert,FlakeFrag,Proximal
287,BARF,FineChert,FlakeFrag,Fragment
288,BARF,FineChert,FlakeFrag,Proximal
290,BARF,CoarseChert,FlakeFrag,Fragment
291,BARF,FineChert,Splinter,Fragment
292,BARF,CoarseChert,FlakeFrag,Fragment
293,BARF,FineChert,FlakeFrag,Proximal
294,BARF,FineChert,FlakeFrag,Proximal
295,BARF,FineChert,CompFlake,Complete
298,BARF,FineChert,CompFlake,Complete
301,BARF,FineChert,CompFlake,Complete
302,BARF,CoarseChert,Chunk,Fragment
303,BARF,FineChert,FlakeFrag,Proximal
304,BARF,Agate,FlakeFrag,Proximal
305,BARF,FineChert,CompFlake,Complete
307,BARF,FineChert,FlakeFrag,Mesial
308,BARF,FineChert,FlakeFrag,Proximal
309,BARF,FineChert,Chunk,Fragment
310,BARF,FineChert,FlakeFrag,Distal
311,BARF,FineChert,FlakeFrag,Mesial
312,BARF,CoarseChert,FlakeFrag,Fragment
313,BARF,FineChert,FlakeFrag,Proximal
315,BARF,FineChert,FlakeFrag,Proximal
316,BARF,FineChert,FlakeFrag,Proximal
317,BARF,CoarseChert,FlakeFrag,Distal
318,BARF,FineChert,CompFlake,Complete
321,BARF,FineChert,FlakeFrag,Fragment
322,BARF,FineChert,Chunk,Fragment
323,BARF,CoarseChert,FlakeFrag,Fragment
324,BARF,FineChert,FlakeFrag,Proximal
325,BARF,FineChert,Splinter,Fragment
326,BARF,FineChert,FlakeFrag,Proximal
328,BARF,FineChert,CompFlake,Complete
329,BARF,CoarseChert,FlakeFrag,Proximal
331,BARF,FineChert,FlakeFrag,Fragment
334,BARF,FineChert,Chunk,Fragment
336,BARF,FineChert,CompFlake,Complete
337,BARF,CoarseChert,FlakeFrag,Fragment
338,BARF,FineChert,FlakeFrag,Mesial
339,BARF,Agate,CompFlake,Complete
340,BARF,CoarseChert,FlakeFrag,Distal
341,BARF,CoarseChert,CompFlake,Complete
342,BARF,FineChert,CompFlake,Complete
343,BARF,CoarseChert,CompFlake,Complete
344,BARF,CoarseChert,FlakeFrag,Proximal
345,BARF,FineChert,FlakeFrag,Mesial
346,BARF,FineChert,Utilized,Complete
347,BARF,CoarseChert,FlakeFrag,Proximal
348,BARF,FineChert,FlakeFrag,Proximal
351,BARF,FineChert,FlakeFrag,Proximal
352,BARF,FineChert,CompFlake,Complete
353,BARF,CoarseChert,FlakeFrag,Proximal
354,BARF,CoarseChert,CompFlake,Complete
355,BARF,FineChert,FlakeFrag,Fragment
357,BARF,FineChert,Chunk,Fragment
359,BARF,CoarseChert,Splinter,Fragment
532,BARF,Dolerite,Utilized,Complete
533,BARF,Dolerite,Utilized,LeftLateral
604,BARF,FineChert,CompFlake,Complete
605,BARF,FineChert,CompFlake,Complete
606,BARF,CoarseChert,FlakeFrag,Mesial
705,BARF,FineChert,CompFlake,Complete
706,BARF,FineChert,FlakeFrag,Distal
710,BARF,FineChert,CompFlake,Complete
807,BARF,Dolerite,CompFlake,Complete
1050,BARF,FineChert,Utilized,Complete
1051,BARF,FineChert,CompFlake,Complete
1052,BARF,FineChert,CompFlake,Complete
1053,BARF,FineChert,CompFlake,Complete
1054,BARF,CoarseChert,CompFlake,Complete
1055,BARF,FineChert,CompFlake,Complete
1081,BARF,FineChert,CompFlake,Complete
1082,BARF,FineChert,FlakeFrag,Proximal
1083,BARF,FineChert,CompFlake,Complete
1084,BARF,FineChert,CompFlake,Complete
1088,BARF,FineChert,FlakeFrag,Distal
1089,BARF,FineChert,CompFlake,Complete
1090,BARF,FineChert,CompFlake,Complete
1091,BARF,FineChert,CompFlake,Complete
1092,BARF,FineChert,CompFlake,Complete
1093,BARF,FineChert,CompFlake,Complete
1158,BARF,FineChert,FlakeFrag,Proximal
1159,BARF,FineChert,FlakeFrag,Proximal
1160,BARF,FineChert,FlakeFrag,Proximal
1161,BARF,FineChert,ProxButNearlyComp,Complete
1232,RBL-CLBRF,FineChert,Utilized,Complete
1233,RBL-CLBRF,FineChert,CompFlake,Complete
1235,RBL-CLBRF,FineChert,CompFlake,Complete
1236,RBL-CLBRF,FineChert,CompFlake,Complete
1237,RBL-CLBRF,FineChert,CompFlake,Complete
1238,RBL-CLBRF,FineChert,RetouchedPiece,Complete
1239,RBL-CLBRF,FineChert,CompFlake,Complete
1240,BARF,FineChert,CompFlake,Complete
1241,BARF,FineChert,CompFlake,Complete
1242,RBL-CLBRF,FineChert,CompFlake,Complete
1243,RBL-CLBRF,FineChert,Utilized,Proximal
1244,RBL-CLBRF,FineChert,CompFlake,Complete
1245,RBL-CLBRF,FineChert,Utilized,Proximal
1246,RBL-CLBRF,Dolerite,HammerManuport,Complete
1247,RBL-CLBRF,Dolerite,Utilized,Complete
1248,RBL-CLBRF,Dolerite,Utilized,Mesial
1249,RBL-CLBRF,FineChert,FlakeFrag,Proximal
1250,RBL-CLBRF,FineChert,Utilized,Complete
1251,RBL-CLBRF,FineChert,Utilized,Complete
1252,RBL-CLBRF,FineChert,CompFlake,Complete
1253,RBL-CLBRF,CoarseChert,CompFlake,Complete
1254,RBL-CLBRF,FineChert,CompFlake,Complete
1255,RBL-CLBRF,FineChert,CompFlake,Complete
1256,RBL-CLBRF,FineChert,CompFlake,Complete
1257,BARF,Dolerite,FlakeFrag,Fragment
1258,BARF,Dolerite,FlakeFrag,Proximal
1259,BARF,Dolerite,CompFlake,Complete
1260,RBL-CLBRF,FineChert,CompFlake,Complete
1261,RBL-CLBRF,FineChert,Utilized,Fragment
1263,RBL-CLBRF,FineChert,FlakeFrag,Mesial
1264,RBL-CLBRF,FineChert,FlakeFrag,Mesial
1266,RBL-CLBRF,Dolerite,FlakeFrag,Proximal
1268,RBL-CLBRF,CoarseChert,Utilized,Mesial
1270,RBL-CLBRF,FineChert,FlakeFrag,Mesial
1271,RBL-CLBRF,FineChert,FlakeFrag,Distal
1272,RBL-CLBRF,FineChert,FlakeFrag,Distal
1273,RBL-CLBRF,FineChert,FlakeFrag,Mesial
1274,BARF,Dolerite,CompFlake,Complete
1275,BARF,Dolerite,FlakeFrag,Proximal
1276,BARF,Dolerite,FlakeFrag,Fragment
1277,BARF,Dolerite,CompFlake,Complete
1278,BARF,Dolerite,FlakeFrag,Fragment
1279,BARF,Dolerite,FlakeFrag,LeftLateral
1280,BARF,Dolerite,Chunk,Fragment
1281,BARF,Dolerite,FlakeFrag,Fragment
1282,RBL-CLBRF,FineChert,CompFlake,Complete
1283,RBL-CLBRF,Dolerite,FlakeFrag,Mesial
1284,RBL-CLBRF,Dolerite,FlakeFrag,Mesial
1285,RBL-CLBRF,Dolerite,Utilized,Distal
1286,RBL-CLBRF,Dolerite,FlakeFrag,Proximal
1287,RBL-CLBRF,Sandstone,FlakeFrag,Proximal
1288,RBL-CLBRF,FineChert,FlakeFrag,Mesial
1289,RBL-CLBRF,FineChert,FlakeFrag,Proximal
1290,RBL-CLBRF,FineChert,Utilized,Mesial
1291,RBL-CLBRF,FineChert,FlakeFrag,Proximal
1292,RBL-CLBRF,FineChert,FlakeFrag,Proximal
1293,RBL-CLBRF,FineChert,FlakeFrag,Proximal
1294,RBL-CLBRF,FineChert,FlakeFrag,Mesial
1295,RBL-CLBRF,FineChert,FlakeFrag,Proximal
1296,RBL-CLBRF,FineChert,FlakeFrag,Proximal
1297,RBL-CLBRF,FineChert,FlakeFrag,Proximal
1298,RBL-CLBRF,FineChert,FlakeFrag,Distal
1299,RBL-CLBRF,FineChert,CompFlake,Complete
1300,RBL-CLBRF,FineChert,FlakeFrag,Proximal
1302,BARF,Dolerite,FlakeFrag,Proximal
1303,BARF,Dolerite,FlakeFrag,Proximal
1304,BARF,Dolerite,FlakeFrag,Fragment
1305,BARF,Dolerite,CompFlake,Complete
1307,BARF,Dolerite,FlakeFrag,Proximal
1308,BARF,Dolerite,CompFlake,Complete
1309,BARF,Dolerite,CompFlake,Complete
1310,RBL-CLBRF,FineChert,CompFlake,Complete
1311,RBL-CLBRF,FineChert,CompFlake,Complete
1312,RBL-CLBRF,FineChert,CompFlake,Complete
1313,RBL-CLBRF,FineChert,CompFlake,Complete
1315,RBL-CLBRF,Sandstone,Utilized,Proximal
1316,RBL-CLBRF,Dolerite,Utilized,Fragment
1317,RBL-CLBRF,FineChert,Utilized,Complete
1318,RBL-CLBRF,FineChert,Utilized,Distal
1320,RBL-CLBRF,FineChert,Utilized,Complete
1321,RBL-CLBRF,CoarseChert,RetouchedPiece,Complete
1322,RBL-CLBRF,FineChert,Utilized,Proximal
1323,RBL-CLBRF,FineChert,Utilized,Complete
1324,RBL-CLBRF,CoarseChert,Utilized,Proximal
1326,RBL-CLBRF,FineChert,Utilized,Mesial
1327,RBL-CLBRF,FineChert,FlakeFrag,Proximal
1328,RBL-CLBRF,FineChert,RetouchedPiece,Complete
1329,RBL-CLBRF,FineChert,Utilized,Proximal
1330,RBL-CLBRF,FineChert,Utilized,Fragment
1331,BARF,FineChert,CompFlake,Complete
1332,BARF,FineChert,FlakeFrag,Proximal
1333,BARF,FineChert,CompFlake,Complete
1334,BARF,FineChert,CompFlake,Complete
1335,BARF,FineChert,FlakeFrag,Fragment
1336,BARF,CoarseChert,CompFlake,Complete
1337,BARF,FineChert,FlakeFrag,LeftLateral
1339,BARF,FineChert,FlakeFrag,Fragment
1340,BARF,FineChert,Splinter,Fragment
1341,BARF,FineChert,FlakeFrag,Fragment
1342,BARF,FineChert,FlakeFrag,Fragment
1343,BARF,CoarseChert,FlakeFrag,Mesial
1344,BARF,FineChert,CompFlake,Complete
1346,BARF,FineChert,CompFlake,Complete
1348,BARF,FineChert,FlakeFrag,Proximal
1349,BARF,FineChert,Utilized,Distal
1350,BARF,FineChert,FlakeFrag,Proximal
1351,BARF,FineChert,CompFlake,Complete
1352,BARF,FineChert,CompFlake,Complete
1355,BARF,FineChert,Splinter,Fragment
1356,BARF,CoarseChert,FlakeFrag,Proximal
1358,BARF,FineChert,Utilized,Fragment
1359,BARF,FineChert,CompFlake,Complete
1360,BARF,CoarseChert,CompFlake,Complete
1361,BARF,FineChert,FlakeFrag,Fragment
1362,BARF,FineChert,CompFlake,Complete
1363,BARF,CoarseChert,FlakeFrag,Proximal
1364,BARF,FineChert,FlakeFrag,Proximal
1365,BARF,FineChert,FlakeFrag,Proximal
1366,BARF,FineChert,FlakeFrag,Fragment
1367,BARF,FineChert,FlakeFrag,Fragment
1368,BARF,FineChert,Splinter,Fragment
1369,BARF,FineChert,FlakeFrag,Proximal
1370,BARF,FineChert,FlakeFrag,Fragment
1371,BARF,FineChert,Utilized,Fragment
1372,BARF,FineChert,FlakeFrag,Proximal
1373,BARF,FineChert,CompFlake,Complete
1374,BARF,FineChert,FlakeFrag,Proximal
1375,RBL-CLBRF,FineChert,RetouchedPiece,Proximal
1376,RBL-CLBRF,FineChert,RetouchedPiece,Fragment
1377,RBL-CLBRF,FineChert,RetouchedPiece,Fragment
1378,RBL-CLBRF,FineChert,RetouchedPiece,Proximal
1379,RBL-CLBRF,FineChert,RetouchedPiece,Proximal
1380,RBL-CLBRF,FineChert,RetouchedPiece,Proximal
1381,RBL-CLBRF,FineChert,CompFlake,Complete
1382,BARF,FineChert,FlakeFrag,Fragment
1383,BARF,FineChert,CompFlake,Complete
1384,BARF,FineChert,FlakeFrag,Fragment
1386,BARF,FineChert,FlakeFrag,Proximal
1387,BARF,FineChert,FlakeFrag,Fragment
1388,BARF,FineChert,FlakeFrag,Fragment
1389,BARF,FineChert,CompFlake,Complete
1390,BARF,FineChert,FlakeFrag,Fragment
1391,BARF,FineChert,FlakeFrag,Proximal
1392,BARF,FineChert,CompFlake,Complete
1393,BARF,FineChert,FlakeFrag,Proximal
1394,BARF,FineChert,FlakeFrag,Mesial
1395,BARF,FineChert,FlakeFrag,Proximal
1396,BARF,FineChert,FlakeFrag,Proximal
1398,BARF,FineChert,CompFlake,Complete
1399,RBL-CLBRF,FineChert,CompFlake,Complete
1400,RBL-CLBRF,FineChert,CompFlake,Complete
1401,RBL-CLBRF,FineChert,FlakeFrag,Distal
1402,RBL-CLBRF,FineChert,CompFlake,Complete
1403,RBL-CLBRF,FineChert,CompFlake,Complete
1404,RBL-CLBRF,FineChert,FlakeFrag,Proximal
1405,RBL-CLBRF,FineChert,FlakeFrag,Proximal
1406,RBL-CLBRF,FineChert,CompFlake,Complete
1407,RBL-CLBRF,FineChert,FlakeFrag,Fragment
1408,RBL-CLBRF,FineChert,FlakeFrag,Distal
1410,RBL-CLBRF,Dolerite,Utilized,Proximal
1412,RBL-CLBRF,Dolerite,CompFlake,Complete
1415,BARF,FineChert,CompFlake,Complete
1416,BARF,FineChert,FlakeFrag,Proximal
1417,BARF,FineChert,FlakeFrag,Mesial
1418,BARF,FineChert,CompFlake,Complete
1419,BARF,FineChert,Splinter,Fragment
1420,BARF,FineChert,FlakeFrag,Fragment
1421,BARF,FineChert,CompFlake,Complete
1422,BARF,FineChert,FlakeFrag,Fragment
1423,BARF,FineChert,FlakeFrag,Fragment
1424,BARF,FineChert,CompFlake,Complete
1425,BARF,FineChert,FlakeFrag,Fragment
1426,BARF,FineChert,CompFlake,Complete
1427,BARF,FineChert,FlakeFrag,Fragment
1428,BARF,FineChert,Utilized,Mesial
1429,BARF,CoarseChert,FlakeFrag,Mesial
1430,BARF,FineChert,FlakeFrag,Proximal
1432,BARF,FineChert,FlakeFrag,Proximal
1433,BARF,FineChert,FlakeFrag,Fragment
1434,BARF,FineChert,FlakeFrag,Proximal
1435,BARF,FineChert,FlakeFrag,Proximal
1436,BARF,FineChert,FlakeFrag,Distal
1437,BARF,FineChert,FlakeFrag,Fragment
1438,BARF,FineChert,FlakeFrag,Fragment
1439,BARF,FineChert,FlakeFrag,Fragment
1440,BARF,FineChert,FlakeFrag,Fragment
1441,BARF,FineChert,FlakeFrag,Proximal
1442,BARF,FineChert,FlakeFrag,Fragment
1443,BARF,FineChert,FlakeFrag,Fragment
1444,BARF,FineChert,Utilized,Complete
1445,BARF,FineChert,FlakeFrag,Proximal
1446,BARF,FineChert,FlakeFrag,Fragment
1447,BARF,FineChert,FlakeFrag,Fragment
1448,BARF,CoarseChert,CompFlake,Complete
1449,RBL-CLBRF,CrystallineQuartz,FlakeFrag,Mesial
1452,RBL-CLBRF,Quartzite,CompFlake,Complete
1453,RBL-CLBRF,CrystallineQuartz,FlakeFrag,Fragment
1454,RBL-CLBRF,CrystallineQuartz,FlakeFrag,Proximal
1457,RBL-CLBRF,CrystallineQuartz,FlakeFrag,Mesial
1458,RBL-CLBRF,Sandstone,FlakeFrag,Proximal
1459,RBL-CLBRF,FineChert,FlakeFrag,Fragment
1461,RBL-CLBRF,Dolerite,FlakeFrag,Fragment
1462,RBL-CLBRF,Dolerite,FlakeFrag,Fragment
1463,RBL-CLBRF,Dolerite,FlakeFrag,Proximal
1464,RBL-CLBRF,Dolerite,Utilized,Fragment
1465,RBL-CLBRF,FineChert,FlakeFrag,Fragment
1466,RBL-CLBRF,FineChert,CompFlake,Complete
1467,RBL-CLBRF,FineChert,FlakeFrag,Distal
1469,RBL-CLBRF,CoarseChert,FlakeFrag,Fragment
1471,RBL-CLBRF,FineChert,FlakeFrag,Fragment
1472,RBL-CLBRF,Agate,FlakeFrag,Fragment
1476,RBL-CLBRF,FineChert,FlakeFrag,Proximal
1477,RBL-CLBRF,Dolerite,FlakeFrag,Proximal
1478,RBL-CLBRF,Dolerite,FlakeFrag,Fragment
1481,RBL-CLBRF,Dolerite,FlakeFrag,Fragment
1482,RBL-CLBRF,Sandstone,FlakeFrag,Proximal
1483,RBL-CLBRF,Quartzite,FlakeFrag,Fragment
1484,RBL-CLBRF,Dolerite,FlakeFrag,Fragment
1485,RBL-CLBRF,FineChert,FlakeFrag,Fragment
1486,RBL-CLBRF,FineChert,FlakeFrag,Proximal
1489,BARF,CrystallineQuartz,FlakeFrag,Fragment
1490,BARF,CrystallineQuartz,CompFlake,Complete
1492,BARF,CrystallineQuartz,CompFlake,Complete
1493,BARF,CrystallineQuartz,Splinter,Complete
1494,BARF,CrystallineQuartz,CompFlake,Complete
1495,BARF,CrystallineQuartz,Splinter,Fragment
1496,BARF,CrystallineQuartz,CompFlake,Complete
1497,BARF,CrystallineQuartz,CompFlake,Complete
1498,BARF,CrystallineQuartz,FlakeFrag,Fragment
1499,BARF,CrystallineQuartz,FlakeFrag,Proximal
1500,BARF,CrystallineQuartz,CompFlake,Complete
1501,BARF,CrystallineQuartz,FlakeFrag,Fragment
1502,BARF,CrystallineQuartz,Chunk,Fragment
1503,BARF,CrystallineQuartz,FlakeFrag,Fragment
1504,BARF,CrystallineQuartz,CompFlake,Complete
1505,BARF,CrystallineQuartz,Chunk,Fragment
1506,BARF,CrystallineQuartz,FlakeFrag,Proximal
1507,BARF,CrystallineQuartz,FlakeFrag,Proximal
1510,RBL-CLBRF,FineChert,CompFlake,Complete
1511,RBL-CLBRF,FineChert,Utilized,Fragment
1513,RBL-CLBRF,FineChert,FlakeFrag,Distal
1514,RBL-CLBRF,Quartzite,FlakeFrag,Proximal
1515,RBL-CLBRF,FineChert,CompFlake,Complete
1519,RBL-CLBRF,Dolerite,FlakeFrag,Proximal
1521,RBL-CLBRF,Dolerite,FlakeFrag,Distal
1524,BARF,CoarseChert,Chunk,Fragment
1525,RBL-CLBRF,Sandstone,FlakeFrag,Fragment
1526,RBL-CLBRF,Sandstone,FlakeFrag,Proximal
1530,RBL-CLBRF,FineChert,FlakeFrag,Distal
1531,RBL-CLBRF,FineChert,FlakeFrag,Distal
1532,RBL-CLBRF,FineChert,Utilized,Proximal
1533,RBL-CLBRF,FineChert,FlakeFrag,Proximal
1535,RBL-CLBRF,FineChert,FlakeFrag,Mesial
1536,RBL-CLBRF,FineChert,Utilized,Mesial
1537,RBL-CLBRF,FineChert,FlakeFrag,Mesial
1538,RBL-CLBRF,FineChert,FlakeFrag,Mesial
1539,RBL-CLBRF,FineChert,FlakeFrag,Distal
1540,RBL-CLBRF,FineChert,FlakeFrag,Mesial
1541,RBL-CLBRF,FineChert,FlakeFrag,Proximal
1542,RF,FineChert,FlakeFrag,Mesial
1543,RF,FineChert,FlakeFrag,Fragment
1544,RF,FineChert,FlakeFrag,Fragment
1547,RBL-CLBRF,FineChert,FlakeFrag,Mesial
1548,RBL-CLBRF,FineChert,FlakeFrag,Mesial
1549,RBL-CLBRF,FineChert,FlakeFrag,Mesial
1550,RBL-CLBRF,FineChert,Utilized,Mesial
1551,RBL-CLBRF,FineChert,CompFlake,Complete
1552,RBL-CLBRF,FineChert,FlakeFrag,Distal
1553,RBL-CLBRF,FineChert,Utilized,Mesial
1554,RBL-CLBRF,FineChert,CompFlake,Complete
1555,RBL-CLBRF,FineChert,FlakeFrag,Fragment
1556,RBL-CLBRF,FineChert,FlakeFrag,Fragment
1557,RBL-CLBRF,FineChert,FlakeFrag,Fragment
1558,RBL-CLBRF,FineChert,CompFlake,Complete
1559,RBL-CLBRF,FineChert,FlakeFrag,Distal
1560,RBL-CLBRF,FineChert,FlakeFrag,Fragment
1561,RBL-CLBRF,CoarseChert,FlakeFrag,Distal
1562,RBL-CLBRF,FineChert,FlakeFrag,Fragment
1563,RBL-CLBRF,FineChert,FlakeFrag,Fragment
1564,RBL-CLBRF,CoarseChert,FlakeFrag,Fragment
1565,RBL-CLBRF,FineChert,CompFlake,Complete
1566,RBL-CLBRF,CoarseChert,CompFlake,Complete
1567,RBL-CLBRF,FineChert,FlakeFrag,Fragment
1569,RF,FineChert,CompFlake,Complete
1570,RF,FineChert,CompFlake,Complete
1571,RF,FineChert,Utilized,Complete
1572,RF,FineChert,CompFlake,Complete
1573,RF,FineChert,FlakeFrag,Proximal
1575,RF,FineChert,CompFlake,Complete
1576,RBL-CLBRF,FineChert,FlakeFrag,Fragment
1577,RBL-CLBRF,FineChert,CompFlake,Complete
1578,RBL-CLBRF,FineChert,FlakeFrag,Fragment
1579,RBL-CLBRF,CoarseChert,FlakeFrag,Proximal
1580,RBL-CLBRF,FineChert,CompFlake,Complete
1581,RBL-CLBRF,FineChert,FlakeFrag,Fragment
1582,RBL-CLBRF,FineChert,FlakeFrag,Fragment
1583,RBL-CLBRF,FineChert,FlakeFrag,Fragment
1584,RBL-CLBRF,FineChert,Utilized,Complete
1586,RBL-CLBRF,CrystallineQuartz,FlakeFrag,Proximal
1587,RBL-CLBRF,FineChert,Utilized,Fragment
1588,RBL-CLBRF,FineChert,CompFlake,Complete
1589,RBL-CLBRF,FineChert,Utilized,Complete
1590,RBL-CLBRF,FineChert,CompFlake,Complete
1591,RF,CoarseChert,FlakeFrag,Fragment
1593,RF,FineChert,CompFlake,Complete
1594,RF,FineChert,CompFlake,Complete
1595,RF,FineChert,CompFlake,Complete
1596,RF,CoarseChert,FlakeFrag,Proximal
1597,RF,FineChert,FlakeFrag,Proximal
1598,RF,FineChert,FlakeFrag,Fragment
1599,RBL-CLBRF,FineChert,CompFlake,Complete
1603,RBL-CLBRF,FineChert,FlakeFrag,Mesial
1604,RBL-CLBRF,FineChert,FlakeFrag,Fragment
1606,RBL-CLBRF,CoarseChert,FlakeFrag,Distal
1607,RBL-CLBRF,FineChert,FlakeFrag,Proximal
1608,RBL-CLBRF,FineChert,FlakeFrag,Proximal
1610,RBL-CLBRF,FineChert,CompFlake,Complete
1611,RBL-CLBRF,CoarseChert,FlakeFrag,Fragment
1613,RF,FineChert,FlakeFrag,Mesial
1614,RF,FineChert,FlakeFrag,Distal
1615,RF,FineChert,Utilized,Complete
1616,RF,FineChert,CompFlake,Complete
1617,RF,FineChert,CompFlake,Complete
1618,RF,FineChert,FlakeFrag,Fragment
1619,RF,FineChert,CompFlake,Complete
1620,RBL-CLBRF,FineChert,CompFlake,Complete
1621,RBL-CLBRF,FineChert,CompFlake,Complete
1622,RBL-CLBRF,FineChert,FlakeFrag,Fragment
1623,RBL-CLBRF,FineChert,FlakeFrag,Proximal
1624,RBL-CLBRF,CoarseChert,FlakeFrag,Proximal
1626,RBL-CLBRF,FineChert,CompFlake,Complete
1627,RBL-CLBRF,FineChert,CompFlake,Complete
1628,RBL-CLBRF,FineChert,RetouchedPiece,Proximal
1629,RBL-CLBRF,FineChert,FlakeFrag,Distal
1630,RBL-CLBRF,FineChert,Utilized,Complete
1631,RBL-CLBRF,FineChert,CompFlake,Complete
1632,RBL-CLBRF,FineChert,CompFlake,Complete
1633,RBL-CLBRF,FineChert,CompFlake,Complete
1634,RBL-CLBRF,FineChert,FlakeFrag,Mesial
1635,RBL-CLBRF,FineChert,CompFlake,Complete
1636,RF,FineChert,CompFlake,Complete
1637,RF,FineChert,CompFlake,Complete
1638,RF,FineChert,FlakeFrag,Fragment
1639,RF,CoarseChert,FlakeFrag,Distal
1640,RF,FineChert,FlakeFrag,Fragment
1641,RBL-CLBRF,FineChert,CompFlake,Complete
1642,RBL-CLBRF,FineChert,FlakeFrag,Proximal
1643,RBL-CLBRF,FineChert,CompFlake,Complete
1644,RBL-CLBRF,FineChert,CompFlake,Complete
1645,RBL-CLBRF,FineChert,FlakeFrag,Mesial
1646,RBL-CLBRF,FineChert,CompFlake,Complete
1647,RBL-CLBRF,FineChert,CompFlake,Complete
1648,RBL-CLBRF,FineChert,CompFlake,Complete
1649,RBL-CLBRF,FineChert,CompFlake,Complete
1650,RBL-CLBRF,FineChert,CompFlake,Complete
1651,RBL-CLBRF,FineChert,CompFlake,Complete
1653,RBL-CLBRF,FineChert,CompFlake,Complete
1655,RBL-CLBRF,FineChert,CompFlake,Complete
1657,RBL-CLBRF,FineChert,CompFlake,Complete
1659,RBL-CLBRF,FineChert,FlakeFrag,Distal
1660,RBL-CLBRF,FineChert,CompFlake,Complete
1661,RF,FineChert,FlakeFrag,Distal
1662,RF,FineChert,CompFlake,Complete
1663,RF,FineChert,FlakeFrag,Proximal
1664,RF,FineChert,FlakeFrag,Mesial
1665,RF,CoarseChert,CompFlake,Complete
1666,RF,FineChert,CompFlake,Complete
1667,RF,FineChert,CompFlake,Complete
1668,RBL-CLBRF,FineChert,CompFlake,Complete
1669,RBL-CLBRF,FineChert,CompFlake,Complete
1670,RBL-CLBRF,FineChert,CompFlake,Complete
1671,RBL-CLBRF,CoarseChert,CompFlake,Complete
1672,RBL-CLBRF,FineChert,Utilized,Complete
1673,RBL-CLBRF,FineChert,CompFlake,Complete
1675,RBL-CLBRF,FineChert,CompFlake,Complete
1676,RBL-CLBRF,FineChert,CompFlake,Complete
1677,RBL-CLBRF,FineChert,Utilized,Complete
1678,RBL-CLBRF,FineChert,FlakeFrag,Distal
1679,RBL-CLBRF,FineChert,CompFlake,Complete
1680,RBL-CLBRF,FineChert,CompFlake,Complete
1681,RBL-CLBRF,FineChert,Utilized,Complete
1682,RBL-CLBRF,FineChert,FlakeFrag,Mesial
1683,RBL-CLBRF,FineChert,FlakeFrag,Proximal
1684,RBL-CLBRF,FineChert,FlakeFrag,Proximal
1685,RBL-CLBRF,FineChert,CompFlake,Complete
1686,RBL-CLBRF,FineChert,FlakeFrag,Proximal
1687,RBL-CLBRF,FineChert,FlakeFrag,Proximal
1688,RF,FineChert,ProxButNearlyComp,Complete
1689,RF,FineChert,CompFlake,Complete
1690,RF,FineChert,FlakeFrag,Proximal
1691,RF,FineChert,CompFlake,Complete
1692,RF,FineChert,CompFlake,Complete
1693,RF,FineChert,CompFlake,Complete
1694,RF,FineChert,CompFlake,Complete
1695,RBL-CLBRF,FineChert,CompFlake,Complete
1696,RBL-CLBRF,FineChert,CompFlake,Complete
1698,RBL-CLBRF,FineChert,FlakeFrag,Proximal
1699,RBL-CLBRF,FineChert,Utilized,Complete
1700,RBL-CLBRF,FineChert,Utilized,Proximal
1702,RBL-CLBRF,FineChert,Utilized,Proximal
1704,RBL-CLBRF,FineChert,FlakeFrag,Proximal
1705,RBL-CLBRF,FineChert,Utilized,Proximal
1706,RBL-CLBRF,FineChert,FlakeFrag,Proximal
1708,RBL-CLBRF,CrystallineQuartz,FlakeFrag,ProxLeftLat
1709,RBL-CLBRF,CrystallineQuartz,FlakeFrag,Distal
1710,RBL-CLBRF,Dolerite,FlakeFrag,Fragment
1714,RF,Dolerite,HammerManuport,Complete
1719,RBL-CLBRF,CrystallineQuartz,CompFlake,Complete
1720,RBL-CLBRF,CrystallineQuartz,CompFlake,Complete
1721,RBL-CLBRF,Dolerite,CompFlake,Complete
1722,RBL-CLBRF,Dolerite,FlakeFrag,Fragment
1723,RBL-CLBRF,Dolerite,FlakeFrag,Fragment
1724,RBL-CLBRF,Dolerite,FlakeFrag,Fragment
1726,RBL-CLBRF,Quartzite,FlakeFrag,Mesial
1727,RBL-CLBRF,Quartzite,FlakeFrag,Fragment
1728,RBL-CLBRF,Quartzite,FlakeFrag,Fragment
1731,RBL-CLBRF,Dolerite,CompFlake,Complete
1735,RF,Dolerite,Chunk,Fragment
1736,RF,Dolerite,Chunk,Fragment
1737,RBL-CLBRF,Quartzite,FlakeFrag,Proximal
1738,RBL-CLBRF,Quartzite,FlakeFrag,Distal
1740,RBL-CLBRF,Dolerite,FlakeFrag,Mesial
1741,RBL-CLBRF,Dolerite,FlakeFrag,Fragment
1742,RBL-CLBRF,Dolerite,CompFlake,Complete
1744,RBL-CLBRF,FineChert,CompFlake,Complete
1746,RBL-CLBRF,Dolerite,CompFlake,Complete
1747,RBL-CLBRF,Dolerite,CompFlake,Complete
1748,RBL-CLBRF,Dolerite,CompFlake,Complete
1749,RBL-CLBRF,Quartzite,CompFlake,Complete
1752,RBL-CLBRF,FineChert,FlakeFrag,Distal
1753,RBL-CLBRF,FineChert,FlakeFrag,Distal
1754,RBL-CLBRF,FineChert,FlakeFrag,Mesial
1755,RBL-CLBRF,Quartzite,FlakeFrag,Distal
1758,RBL-CLBRF,Dolerite,FlakeFrag,Proximal
1759,RBL-CLBRF,Dolerite,FlakeFrag,Distal
1760,RBL-CLBRF,CrystallineQuartz,FlakeFrag,Proximal
1761,RBL-CLBRF,FineChert,FlakeFrag,Mesial
1762,RBL-CLBRF,FineChert,FlakeFrag,Mesial
1765,RBL-CLBRF,Dolerite,FlakeFrag,Proximal
1771,RBL-CLBRF,FineChert,CompFlake,Complete
1775,BAS,FineChert,CompFlake,Complete
1777,BAS,FineChert,CompFlake,Complete
1778,BAS,FineChert,FlakeFrag,Mesial
1779,BAS,FineChert,RetouchedPiece,Fragment
1780,BAS,FineChert,FlakeFrag,Proximal
1781,BAS,FineChert,CompFlake,Complete
1782,BAS,FineChert,FlakeFrag,Fragment
1783,BAS,FineChert,FlakeFrag,Fragment
1784,BAS,FineChert,CompFlake,Complete
1785,BAS,FineChert,CompFlake,Complete
1787,BAS,FineChert,FlakeFrag,Fragment
1789,BAS,FineChert,FlakeFrag,Proximal
1790,BAS,FineChert,CompFlake,Complete
1791,BAS,FineChert,CompFlake,Complete
1792,BAS,FineChert,FlakeFrag,Distal
1793,BAS,CoarseChert,FlakeFrag,Mesial
1794,BAS,FineChert,CompFlake,Complete
1795,BAS,FineChert,FlakeFrag,Proximal
1796,BAS,CoarseChert,FlakeFrag,Fragment
1797,BAS,FineChert,FlakeFrag,Proximal
1802,BAS,FineChert,FlakeFrag,Proximal
1803,BAS,FineChert,FlakeFrag,Proximal
1806,BAS,FineChert,FlakeFrag,Proximal
1808,BAS,FineChert,FlakeFrag,Mesial
1809,BAS,FineChert,CompFlake,Complete
1810,BAS,CoarseChert,FlakeFrag,Fragment
1813,BAS,FineChert,CompFlake,Complete
1814,BAS,FineChert,HammerManuport,Fragment
1815,BAS,FineChert,HammerManuport,Fragment
1816,BAS,FineChert,FlakeFrag,Fragment
1817,BAS,FineChert,FlakeFrag,Proximal
1818,BAS,FineChert,CompFlake,Complete
1819,BAS,FineChert,FlakeFrag,Proximal
1821,BAS,FineChert,FlakeFrag,Proximal
1822,BAS,FineChert,FlakeFrag,Fragment
1823,BAS,FineChert,FlakeFrag,Distal
1824,BAS,FineChert,FlakeFrag,Fragment
1828,BAS,FineChert,CompFlake,Complete
1833,BAS,Sandstone,CompFlake,Complete
1834,BAS,Sandstone,CompFlake,Complete
1835,BAS,Dolerite,CompFlake,Complete
1836,BAS,Sandstone,FlakeFrag,Proximal
1837,BAS,Dolerite,FlakeFrag,Fragment
1838,BAS,Dolerite,FlakeFrag,Proximal
1839,BAS,Dolerite,FlakeFrag,Mesial
1840,BAS,Dolerite,CompFlake,Complete
1842,BAS,Dolerite,CompFlake,Complete
1843,BAS,Dolerite,Splinter,Fragment
1844,BAS,Dolerite,FlakeFrag,ProxRightLat
1847,BAS,CrystallineQuartz,HammerManuport,Fragment
1848,BAS,CrystallineQuartz,HammerManuport,Complete
1849,BAS,CrystallineQuartz,FlakeFrag,Proximal
1850,BAS,CrystallineQuartz,FlakeFrag,Distal
1851,BAS,CrystallineQuartz,FlakeFrag,Fragment
1853,BAS,Dolerite,FlakeFrag,Proximal
1854,BAS,Dolerite,FlakeFrag,Proximal
1855,BAS,Dolerite,FlakeFrag,Proximal
1856,BAS,Dolerite,FlakeFrag,Mesial
1857,BAS,Dolerite,CompFlake,Complete
1858,BAS,Dolerite,FlakeFrag,Proximal
1859,BAS,Dolerite,FlakeFrag,ProxLeftLat
1860,BAS,Quartzite,FlakeFrag,Proximal
1875,BAS,FineChert,CompFlake,Complete
1877,BAS,Dolerite,FlakeFrag,ProxRightLat
1878,BAS,Dolerite,CompFlake,Complete
1879,BAS,CoarseChert,FlakeFrag,Distal
1880,BAS,Dolerite,FlakeFrag,Fragment
1881,BAS,CoarseChert,CompFlake,Complete
1882,BAS,Quartzite,FlakeFrag,Proximal
1883,BAS,Dolerite,FlakeFrag,Fragment
1884,BAS,Dolerite,Utilized,Proximal
1885,BAS,Dolerite,FlakeFrag,Fragment
1886,BAS,Dolerite,FlakeFrag,Fragment
1888,BAS,Dolerite,FlakeFrag,Proximal
1889,BAS,Dolerite,FlakeFrag,Proximal
1890,BAS,CoarseChert,FlakeFrag,Proximal
1891,BAS,Dolerite,FlakeFrag,Mesial
1893,BAS,CrystallineQuartz,FlakeFrag,Fragment
1896,BAS,Dolerite,FlakeFrag,Fragment
1897,BAS,CrystallineQuartz,HammerManuport,Fragment
1898,BAS,CrystallineQuartz,HammerManuport,Fragment
1899,BAS,CrystallineQuartz,HammerManuport,Fragment
1900,BAS,Dolerite,FlakeFrag,Fragment
1901,BAS,Dolerite,FlakeFrag,Proximal
1902,BAS,Dolerite,FlakeFrag,Fragment
1903,BAS,Dolerite,FlakeFrag,Proximal
1904,BAS,Dolerite,FlakeFrag,Fragment
1905,BAS,Dolerite,FlakeFrag,Mesial
1907,BAS,Dolerite,CompFlake,Complete
1908,BAS,Dolerite,Utilized,ProxRightLat
1909,BAS,Dolerite,FlakeFrag,Fragment
1910,BAS,Dolerite,FlakeFrag,Proximal
1911,BAS,Dolerite,CompFlake,Complete
1912,BAS,Dolerite,FlakeFrag,Fragment
1913,BAS,Dolerite,FlakeFrag,Proximal
1914,BAS,Dolerite,Utilized,Complete
1915,BAS,Dolerite,FlakeFrag,Proximal
1916,BAS,Dolerite,FlakeFrag,Proximal
1917,BAS,Dolerite,FlakeFrag,Mesial
1918,BAS,Dolerite,FlakeFrag,Fragment
1921,BAS,Dolerite,FlakeFrag,Fragment
1929,BAS,CoarseChert,FlakeFrag,Fragment
1930,BAS,FineChert,FlakeFrag,Proximal
1931,BAS,CoarseChert,FlakeFrag,Distal
1932,BAS,Sandstone,FlakeFrag,Distal
1934,BAS,CoarseChert,FlakeFrag,Fragment
1937,BAS,Dolerite,FlakeFrag,Proximal
1939,BAS,Dolerite,FlakeFrag,Mesial
1940,BAS,Dolerite,FlakeFrag,Proximal
1941,BAS,CoarseChert,FlakeFrag,Fragment
1943,BAS,CrystallineQuartz,HammerManuport,Fragment
1944,BAS,CrystallineQuartz,FlakeFrag,Fragment
1945,BAS,CrystallineQuartz,FlakeFrag,Distal
1946,BAS,Agate,FlakeFrag,Fragment
1947,BAS,FineChert,FlakeFrag,Fragment
1948,BAS,FineChert,Utilized,Distal
1955,BAS,FineChert,FlakeFrag,Distal
1956,BAS,FineChert,FlakeFrag,Distal
1957,BAS,FineChert,FlakeFrag,Distal
1958,BAS,FineChert,FlakeFrag,Mesial
1962,BAS,FineChert,FlakeFrag,Distal
1963,BAS,FineChert,Utilized,Proximal
1964,BAS,FineChert,FlakeFrag,Mesial
1967,BAS,FineChert,Utilized,Distal
1968,BAS,FineChert,FlakeFrag,Distal
1978,BAS,FineChert,CompFlake,Complete
1980,BAS,FineChert,FlakeFrag,Mesial
1981,BAS,Dolerite,Utilized,Mesial
1982,BAS,Dolerite,FlakeFrag,Proximal
1985,BAS,FineChert,FlakeFrag,Proximal
1986,BAS,Agate,CompFlake,Complete
1987,BAS,FineChert,FlakeFrag,Proximal
1988,BAS,FineChert,FlakeFrag,Proximal
1989,BAS,FineChert,RetouchedPiece,Proximal
1992,BAS,FineChert,FlakeFrag,Proximal
1993,BAS,FineChert,FlakeFrag,Mesial
1994,BAS,FineChert,FlakeFrag,Proximal
1995,BAS,FineChert,FlakeFrag,Proximal
1996,BAS,FineChert,FlakeFrag,Mesial
1997,BAS,FineChert,FlakeFrag,Proximal
1999,BAS,FineChert,FlakeFrag,Proximal
2000,BAS,FineChert,FlakeFrag,Proximal
2001,BAS,FineChert,FlakeFrag,Mesial
2002,BAS,FineChert,FlakeFrag,Proximal
2003,BAS,FineChert,FlakeFrag,Proximal
2004,BAS,FineChert,CompFlake,Complete
2005,BAS,FineChert,CompFlake,Complete
2006,BAS,FineChert,FlakeFrag,Proximal
2008,BAS,FineChert,FlakeFrag,Proximal
2009,BAS,FineChert,FlakeFrag,Distal
2010,BAS,FineChert,FlakeFrag,Fragment
2011,BAS,FineChert,FlakeFrag,Mesial
2012,BAS,FineChert,FlakeFrag,Proximal
2013,BAS,FineChert,FlakeFrag,Proximal
2019,BAS,FineChert,CompFlake,Complete
2020,BAS,FineChert,CompFlake,Complete
2021,BAS,FineChert,Utilized,Complete
2024,BAS,CoarseChert,FlakeFrag,Fragment
2025,BAS,CoarseChert,CompFlake,Complete
2026,BAS,CoarseChert,FlakeFrag,Distal
2027,BAS,FineChert,FlakeFrag,Proximal
2028,BAS,CoarseChert,CompFlake,Complete
2029,BAS,FineChert,CompFlake,Complete
2030,BAS,FineChert,FlakeFrag,Proximal
2031,BAS,FineChert,CompFlake,Complete
2032,BAS,FineChert,CompFlake,Complete
2033,BAS,FineChert,CompFlake,Complete
2034,BAS,FineChert,CompFlake,Complete
2035,BAS,FineChert,CompFlake,Complete
2036,BAS,Dolerite,CompFlake,Complete
2037,BAS,Dolerite,CompFlake,Complete
2038,BAS,Dolerite,FlakeFrag,Distal
2039,BAS,FineChert,CompFlake,Complete
2040,BAS,FineChert,FlakeFrag,Fragment
2041,BAS,FineChert,FlakeFrag,Proximal
2043,BAS,CoarseChert,CompFlake,Complete
2044,BAS,FineChert,FlakeFrag,Distal
2045,BAS,FineChert,CompFlake,Complete
2047,BAS,FineChert,FlakeFrag,Distal
2048,BAS,CoarseChert,FlakeFrag,Proximal
2049,BAS,FineChert,CompFlake,Complete
2051,BAS,FineChert,CompFlake,Complete
2052,BAS,FineChert,CompFlake,Complete
2053,BAS,FineChert,CompFlake,Complete
2055,BAS,FineChert,CompFlake,Complete
2057,BAS,FineChert,CompFlake,Complete
2058,BAS,FineChert,CompFlake,Complete
2059,BAS,FineChert,CompFlake,Complete
2060,BAS,FineChert,CompFlake,Complete
2061,BAS,FineChert,FlakeFrag,Mesial
2062,BAS,FineChert,CompFlake,Complete
2063,BAS,FineChert,FlakeFrag,Fragment
2076,BAS,FineChert,Utilized,Proximal
2081,BAS,FineChert,FlakeFrag,Fragment
2082,BAS,FineChert,FlakeFrag,Proximal
2084,BAS,FineChert,CompFlake,Complete
2085,BAS,FineChert,CompFlake,Complete
2086,BAS,FineChert,CompFlake,Complete
2087,BAS,FineChert,CompFlake,Complete
2088,BAS,FineChert,CompFlake,Complete
2089,BAS,FineChert,CompFlake,Complete
2090,BAS,FineChert,Utilized,Proximal
2091,BAS,FineChert,CompFlake,Complete
2093,BAS,FineChert,CompFlake,Complete
2094,BAS,Agate,CompFlake,Complete
2095,BAS,FineChert,CompFlake,Complete
2096,BAS,FineChert,CompFlake,Complete
2097,BAS,FineChert,CompFlake,Complete
2098,BAS,FineChert,FlakeFrag,Proximal
2099,BAS,FineChert,RetouchedPiece,Complete
2100,BAS,Dolerite,CompFlake,Complete
2101,BAS,Dolerite,CompFlake,Complete
2102,BAS,Dolerite,CompFlake,Complete
2103,BAS,Dolerite,CompFlake,Complete
2104,BAS,Dolerite,CompFlake,Complete
2105,BAS,FineChert,Utilized,Fragment
2106,BAS,FineChert,Utilized,Fragment
2107,BAS,FineChert,Utilized,ProxRightLat
2108,BAS,FineChert,CompFlake,Complete
2109,BAS,FineChert,RetouchedPiece,Fragment
2111,RF,CoarseChert,FlakeFrag,Mesial
2112,RF,Dolerite,FlakeFrag,Proximal
2114,RF,Dolerite,CompFlake,Complete
2115,RF,Dolerite,FlakeFrag,Proximal
2116,RF,Dolerite,FlakeFrag,Proximal
2117,BAS,Dolerite,RetouchedPiece,Complete
2118,BAS,FineChert,RetouchedPiece,Proximal
2119,BAS,FineChert,RetouchedPiece,Proximal
2123,BAS,FineChert,RetouchedPiece,Proximal
2124,BAS,FineChert,RetouchedPiece,Proximal
2125,BAS,FineChert,RetouchedPiece,Proximal
2126,BAS,FineChert,RetouchedPiece,Proximal
2127,BAS,FineChert,RetouchedPiece,Proximal
2128,BAS,FineChert,RetouchedPiece,Proximal
2130,BAS,FineChert,RetouchedPiece,Fragment
2131,RF,Dolerite,FlakeFrag,Fragment
2132,RF,Dolerite,FlakeFrag,Proximal
2133,RF,Dolerite,FlakeFrag,Distal
2134,RF,Dolerite,FlakeFrag,Fragment
2135,RF,Dolerite,FlakeFrag,Fragment
2136,RF,Dolerite,CompFlake,Complete
2137,RF,Dolerite,FlakeFrag,Proximal
2138,RF,Dolerite,FlakeFrag,Proximal
2139,RF,Dolerite,FlakeFrag,Fragment
2140,RF,Dolerite,Chunk,Fragment
2141,RF,Dolerite,FlakeFrag,Fragment
2142,RF,Dolerite,FlakeFrag,Fragment
2143,BAS,FineChert,CompFlake,Complete
2144,BAS,FineChert,CompFlake,Complete
2145,RF,Dolerite,FlakeFrag,Distal
2146,RF,Dolerite,FlakeFrag,Proximal
2147,RF,Dolerite,CompFlake,Complete
2148,RF,Dolerite,FlakeFrag,Proximal
2149,RF,Dolerite,Chunk,Fragment
2150,RF,Dolerite,Chunk,Fragment
2151,RF,Dolerite,FlakeFrag,Proximal
2152,RF,Dolerite,FlakeFrag,Fragment
2153,RF,Dolerite,FlakeFrag,Proximal
2154,RF,Dolerite,FlakeFrag,Fragment
2155,RF,Dolerite,FlakeFrag,Fragment
2156,RF,Dolerite,FlakeFrag,Fragment
2157,RF,Dolerite,FlakeFrag,Fragment
2158,RF,Dolerite,FlakeFrag,Fragment
2159,RF,Dolerite,FlakeFrag,Fragment
2160,RF,Dolerite,FlakeFrag,Proximal
2161,RF,Dolerite,FlakeFrag,Fragment
2162,RF,Dolerite,FlakeFrag,Fragment
2163,RF,Dolerite,FlakeFrag,Fragment
2164,RF,Dolerite,FlakeFrag,Proximal
2165,RF,Dolerite,FlakeFrag,Proximal
2166,RF,Dolerite,CompFlake,Complete
2167,RF,Dolerite,FlakeFrag,Fragment
2168,RF,Dolerite,FlakeFrag,Fragment
2169,BAS,FineChert,FlakeFrag,Mesial
2170,BAS,FineChert,CompFlake,Complete
2172,RF,Quartzite,FlakeFrag,Proximal
2173,RF,Quartzite,FlakeFrag,Distal
2174,RF,Quartzite,FlakeFrag,Proximal
2175,RF,Quartzite,FlakeFrag,Proximal
2176,RF,Quartzite,FlakeFrag,Proximal
2177,RF,FineChert,FlakeFrag,Fragment
2179,RF,Quartzite,FlakeFrag,Distal
2180,RF,Quartzite,FlakeFrag,Proximal
2181,RF,Quartzite,FlakeFrag,Mesial
2182,RF,Quartzite,FlakeFrag,Proximal
2183,RF,Quartzite,FlakeFrag,Fragment
2184,RF,Quartzite,Utilized,Proximal
2185,RF,Quartzite,FlakeFrag,Proximal
2186,RF,Quartzite,FlakeFrag,Distal
2187,RF,CrystallineQuartz,FlakeFrag,Proximal
2188,RF,CrystallineQuartz,CompFlake,Complete
2189,RF,CrystallineQuartz,Chunk,Fragment
2190,RF,CrystallineQuartz,FlakeFrag,Proximal
2191,RF,CrystallineQuartz,FlakeFrag,Proximal
2192,RF,CrystallineQuartz,CompFlake,Complete
2193,RF,CrystallineQuartz,Chunk,Fragment
2194,RF,CrystallineQuartz,Chunk,Fragment
2195,RF,CrystallineQuartz,FlakeFrag,Fragment
2196,RF,CrystallineQuartz,FlakeFrag,Mesial
2197,RF,CrystallineQuartz,FlakeFrag,Distal
2198,RF,CrystallineQuartz,Splinter,Fragment
2199,RF,CrystallineQuartz,Chunk,Fragment
2200,RF,CrystallineQuartz,CompFlake,Complete
2201,RF,CrystallineQuartz,CompFlake,Complete
2202,RF,CrystallineQuartz,FlakeFrag,Fragment
2203,RF,CrystallineQuartz,FlakeFrag,Complete
2204,RF,CrystallineQuartz,FlakeFrag,Distal
2205,RF,CrystallineQuartz,Chunk,Fragment
2207,RF,Dolerite,CompFlake,Complete
2208,RF,Dolerite,CompFlake,Complete
2211,RF,Dolerite,HammerManuport,Fragment
2212,RF,FineChert,CompFlake,Complete
2213,RF,Agate,Chunk,Fragment
2216,RF,FineChert,CompFlake,Complete
2217,RF,FineChert,CompFlake,Complete
2218,RF,FineChert,CompFlake,Complete
2220,RF,FineChert,CompFlake,Complete
2221,RF,FineChert,CompFlake,Complete
2222,RF,FineChert,FlakeFrag,Proximal
2223,RF,FineChert,CompFlake,Complete
2224,RF,FineChert,CompFlake,Complete
2225,RF,FineChert,FlakeFrag,Proximal
2226,RF,FineChert,CompFlake,Complete
2233,RF,Dolerite,FlakeFrag,Proximal
2234,RF,Dolerite,FlakeFrag,Fragment
2235,RF,Sandstone,FlakeFrag,Proximal
2236,RF,Dolerite,FlakeFrag,Fragment
2237,RF,Dolerite,FlakeFrag,Fragment
2238,RF,Dolerite,FlakeFrag,ProxLeftLat
2239,RF,Dolerite,FlakeFrag,Proximal
2246,RF,Dolerite,Utilized,ProxLeftLat
2247,RF,Dolerite,Utilized,Complete
2248,RF,Dolerite,Utilized,Complete
2250,RF,Dolerite,RetouchedPiece,Complete
2252,RF,FineChert,Utilized,Fragment
2253,RF,FineChert,Utilized,Fragment
2255,RF,CoarseChert,RetouchedPiece,Complete
2256,RF,FineChert,Utilized,Complete
2257,RF,FineChert,Utilized,Fragment
2259,RF,FineChert,RetouchedPiece,Fragment
2260,RF,FineChert,RetouchedPiece,Fragment
2266,RF,FineChert,RetouchedPiece,Complete
2267,RF,FineChert,Utilized,Complete
2268,RF,FineChert,RetouchedPiece,Complete
2270,RF,FineChert,Utilized,Complete
2272,RF,FineChert,Utilized,Complete
2273,RF,FineChert,Utilized,Complete
2274,RF,FineChert,Utilized,Mesial
2275,RF,FineChert,Utilized,Mesial
2276,RF,FineChert,RetouchedPiece,Complete
2277,RF,FineChert,RetouchedPiece,Complete
2278,RF,FineChert,Utilized,Complete
2279,RF,FineChert,Utilized,Proximal
2280,RF,FineChert,FlakeFrag,Distal
2281,RF,FineChert,FlakeFrag,Mesial
2282,RF,FineChert,FlakeFrag,Proximal
2283,RF,FineChert,FlakeFrag,Proximal
2284,RF,CoarseChert,Utilized,Proximal
2286,RF,CoarseChert,FlakeFrag,Proximal
2288,RF,FineChert,FlakeFrag,Proximal
2289,RF,FineChert,FlakeFrag,Proximal
2290,RF,FineChert,FlakeFrag,Mesial
2291,RF,FineChert,FlakeFrag,Mesial
2292,RF,FineChert,CompFlake,Complete
2293,RF,FineChert,FlakeFrag,Proximal
2295,RF,FineChert,FlakeFrag,Proximal
2297,RF,FineChert,FlakeFrag,Proximal
2299,RF,FineChert,FlakeFrag,Proximal
2301,RF,FineChert,CompFlake,Complete
2302,RF,FineChert,FlakeFrag,Proximal
2304,RF,FineChert,FlakeFrag,Proximal
2305,RF,FineChert,FlakeFrag,Proximal
2306,RF,CoarseChert,FlakeFrag,Proximal
2307,RF,FineChert,FlakeFrag,Distal
2308,RF,FineChert,FlakeFrag,Proximal
2309,RF,FineChert,Utilized,Proximal
2310,RF,FineChert,Utilized,Proximal
2311,RF,FineChert,FlakeFrag,Proximal
2313,RF,FineChert,CompFlake,Complete
2314,RF,FineChert,CompFlake,Complete
2315,RF,CoarseChert,Utilized,Complete
2316,RF,FineChert,Utilized,Complete
2317,RF,FineChert,FlakeFrag,Proximal
2318,RF,FineChert,FlakeFrag,Mesial
2319,RF,FineChert,FlakeFrag,Proximal
2320,RF,FineChert,CompFlake,Complete
2321,RF,FineChert,ProxButNearlyComp,Complete
2323,RF,FineChert,FlakeFrag,Proximal
2325,RF,CoarseChert,FlakeFrag,Proximal
2326,RF,FineChert,FlakeFrag,Proximal
2327,RF,CoarseChert,FlakeFrag,Mesial
2328,RF,FineChert,FlakeFrag,Proximal
2329,RF,CoarseChert,Utilized,Proximal
2330,RF,FineChert,FlakeFrag,Proximal
2333,RF,FineChert,FlakeFrag,Proximal
2334,RF,FineChert,FlakeFrag,Proximal
2335,RF,FineChert,FlakeFrag,Proximal
2336,RF,FineChert,FlakeFrag,Proximal
2337,RF,FineChert,FlakeFrag,Proximal
2338,RF,Agate,FlakeFrag,Proximal
2339,RF,FineChert,FlakeFrag,Proximal
2341,RF,FineChert,FlakeFrag,Proximal
2342,RF,FineChert,Utilized,Fragment
2343,RF,CoarseChert,FlakeFrag,Proximal
2344,RF,FineChert,CompFlake,Complete
2345,RF,FineChert,FlakeFrag,Proximal
2346,RF,CoarseChert,FlakeFrag,Proximal
2347,RF,FineChert,FlakeFrag,Proximal
2348,RF,FineChert,FlakeFrag,Proximal
2349,RF,FineChert,FlakeFrag,Mesial
2350,RF,FineChert,FlakeFrag,Proximal
2351,RF,FineChert,FlakeFrag,Proximal
2352,RF,FineChert,CompFlake,Complete
2353,RF,FineChert,FlakeFrag,Proximal
2356,RF,FineChert,CompFlake,Complete
2357,RF,CoarseChert,CompFlake,Complete
2358,RF,FineChert,CompFlake,Complete
2359,RF,FineChert,Utilized,Complete
2360,RF,FineChert,CompFlake,Complete
2362,RF,FineChert,ProxButNearlyComp,Complete
2363,RF,FineChert,FlakeFrag,Mesial
2366,RF,FineChert,FlakeFrag,Proximal
2367,RF,Quartzite,FlakeFrag,Proximal
2368,RF,Quartzite,FlakeFrag,Proximal
2369,RF,CrystallineQuartz,FlakeFrag,Proximal
2370,RF,FineChert,CompFlake,Complete
2372,RF,FineChert,Utilized,Complete
2373,RF,FineChert,FlakeFrag,Proximal
2375,RF,FineChert,CompFlake,Complete
2376,RF,FineChert,RetouchedPiece,Fragment
2377,RF,FineChert,FlakeFrag,Proximal
2378,RF,FineChert,FlakeFrag,Proximal
2379,RF,FineChert,CompFlake,Complete
2380,RF,FineChert,CompFlake,Complete
2381,RF,FineChert,RetouchedPiece,Fragment
2382,RF,FineChert,FlakeFrag,Mesial
2383,RF,FineChert,Utilized,Fragment
2384,RF,FineChert,FlakeFrag,Fragment
2385,RF,FineChert,FlakeFrag,Proximal
2386,BARF,Dolerite,CompFlake,Complete
2387,BARF,Dolerite,CompFlake,Complete
2388,BARF,Dolerite,FlakeFrag,Proximal
2389,BARF,Dolerite,FlakeFrag,Fragment
2390,BARF,Dolerite,CompFlake,Complete
2391,BARF,Dolerite,CompFlake,Complete
