source_row_id,context,species,d13c,d18o,valid
1,Moon Pyramid,,-9.11985771428572,29.9288214285714,TRUE
2,Moon Pyramid,,-8.910117142857139,29.193955238095203,TRUE
3,Moon Pyramid,,-10.580148571428602,27.323812857142897,TRUE
4,Moon Pyramid,,-8.77441714285714,24.8291542857143,TRUE
5,Moon Pyramid,,-5.759,27.0985714285714,TRUE
6,Moon Pyramid,,-8.905365714285711,28.474451428571403,TRUE
7,Moon Pyramid,,-6.35809714285714,25.363782857142894,TRUE
8,Moon Pyramid,,-9.187292857142861,26.1262,TRUE
9,Moon Pyramid,,-9.866354285714293,27.6326114285714,TRUE
10,Moon Pyramid,,-10.3239257142857,27.320801904761897,TRUE
11,Moon Pyramid,,-11.2439628571429,29.2460914285714,TRUE
12,Moon Pyramid,,-7.781477142857141,26.908677142857098,TRUE
13,Moon Pyramid,,-7.802499999999999,28.2970952380952,TRUE
14,Moon Pyramid,,-6.356545714285709,26.840252857142897,TRUE
15,Moon Pyramid,,-7.39604,27.4098685714286,TRUE
16,Moon Pyramid,,-3.82514285714286,11.8555714285714,TRUE
17,Moon Pyramid,,-8.656285714285712,26.337000000000003,TRUE
18,Moon Pyramid,,-4.932357142857141,24.709773809523792,TRUE
19,Moon Pyramid,,-6.23128571428571,29.311285714285706,TRUE
20,Moon Pyramid,,-5.13285714285714,24.6395,TRUE
21,Moon Pyramid,,-6.751833333333331,25.603833333333295,FALSE
22,Moon Pyramid,,-7.53814285714286,23.739857142857105,TRUE
23,Moon Pyramid,,-8.769285714285711,25.318142857142895,TRUE
24,Moon Pyramid,,-5.9574285714285695,28.4161666666667,TRUE
25,Moon Pyramid,,-12.284571428571397,25.964,TRUE
26,Moon Pyramid,,-8.65385714285714,24.490599999999997,TRUE
27,Moon Pyramid,,-10.094357142857097,24.168083333333293,TRUE
28,Moon Pyramid,,-14.694142857142902,23.822428571428595,TRUE
29,Moon Pyramid,,-4.71928571428571,26.411714285714297,TRUE
30,Moon Pyramid,,-11.050714285714301,28.381857142857104,TRUE
31,Moon Pyramid,,-9.009,30.216833333333295,TRUE
32,Moon Pyramid,,-9.934857142857139,24.156000000000002,TRUE
33,Moon Pyramid,,-9.266285714285711,26.819833333333296,TRUE
34,Moon Pyramid,,-7.99757142857143,23.674500000000002,TRUE
35,Moon Pyramid,,-10.759142857142903,24.664,TRUE
36,Moon Pyramid,,-10.989928571428601,25.2612380952381,TRUE
37,Moon Pyramid,,-10.1457142857143,28.276142857142894,TRUE
38,Moon Pyramid,,-5.064285714285709,21.612857142857106,TRUE
39,Moon Pyramid,,-6.95957142857143,23.905471904761892,TRUE
40,Moon Pyramid,,-11.815285714285702,22.757170000000002,TRUE
41,Moon Pyramid,,-9.12714285714286,28.375774285714296,TRUE
42,Moon Pyramid,,-13.069,25.779410952380996,TRUE
43,Moon Pyramid,,-4.74756671428571,27.92092,TRUE
44,Moon Pyramid,,-4.7449598571428595,25.6981542857143,TRUE
45,Moon Pyramid,,-6.900271095238102,29.699702857142896,TRUE
46,Moon Pyramid,,-7.1261052857142895,25.887262857142897,TRUE
47,Moon Pyramid,,-10.254948857142901,24.1330628571429,TRUE
48,Moon Pyramid,,-10.854285714285702,27.648646190476196,TRUE
49,Moon Pyramid,,-7.37842857142857,22.57983,TRUE
50,Moon Pyramid,,-10.5209880952381,22.5769010714286,FALSE
51,Moon Pyramid,,-6.10142857142857,28.7696257142857,FALSE
52,Moon Pyramid,,-10.315285714285702,24.736598571428598,TRUE
53,Moon Pyramid,,-12.84,25.5587214285714,FALSE
54,Moon Pyramid,,-11.311142857142903,24.448456428571397,TRUE
57,Oztoyahualco,floridanus,-5.95014285714286,24.2926857142857,TRUE
58,Oztoyahualco,,-7.939428571428571,21.766737142857096,TRUE
59,Oztoyahualco,cunicularius,-4.0452857142857095,20.854422857142897,TRUE
61,Oztoyahualco,floridanus,-3.44150628571429,24.678142857142895,TRUE
62,Oztoyahualco,cunicularius,-3.27034285714286,27.209285714285702,TRUE
63,Oztoyahualco,cf. floridanus,-6.409609142857142,26.816000000000003,TRUE
64,Oztoyahualco,,-11.2621871428571,24.91588,TRUE
65,Oztoyahualco,cunicularius,-5.442704,24.7612857142857,TRUE
66,Oztoyahualco,,-5.450200000000001,24.667714285714297,TRUE
67,Oztoyahualco,californicus,-4.68638428571429,25.370405714285702,FALSE
68,Oztoyahualco,audobonii,-5.47714285714286,29.35676,TRUE
69,Oztoyahualco,floridanus,-4.165285714285709,27.422148571428593,TRUE
70,Oztoyahualco,,-6.795,22.545679999999997,TRUE
71,Oztoyahualco,,-6.09485714285714,27.003342857142894,TRUE
72,Oztoyahualco,cunicularius,-8.233857142857138,27.0966971428571,TRUE
73,Oztoyahualco,,-4.83328571428571,26.830594285714298,TRUE
74,Puerta 5,cunicularius,-5.40142571428571,25.9658971428571,TRUE
75,Puerta 5,,-7.26114285714286,22.834500000000002,TRUE
76,Puerta 5,floridanus,-4.954229523809521,28.0878852380952,TRUE
77,Puerta 5,,-8.80871428571428,24.296642857142892,TRUE
78,Puerta 5,,-12.860640000000002,23.345537142857097,TRUE
79,Puerta 5,,-6.84378,24.525967142857102,TRUE
80,Puerta 5,,-8.273682857142862,26.6450871428571,TRUE
81,Puerta 5,cunicularius,-8.176791428571429,24.240604285714294,TRUE
82,Puerta 5,floridanus,-5.7095942857142905,23.88956,TRUE
83,Puerta 5,floridanus,-5.63688142857143,22.92816,TRUE
84,Puerta 5,cunicularius,-10.371271428571397,23.693792857142896,TRUE
87,Puerta 5,cunicularius,-6.87187,24.553748571428596,FALSE
88,Puerta 5,cunicularius,-4.89209714285714,25.8662371428571,TRUE
89,Puerta 5,,-4.98118285714286,24.336980000000004,TRUE
90,Puerta 5,,-4.828814285714289,24.011854761904807,FALSE
91,Puerta 5,floridanus,-6.80084857142857,23.773977142857103,TRUE
92,Puerta 5,cunicularius,-5.115588571428568,23.573562857142896,FALSE
93,Puerta 5,,-5.147314285714289,27.174485714285705,FALSE
94,Puerta 5,,-6.57224857142857,26.466018571428595,TRUE
95,Puerta 5,,-6.74797142857143,26.079050000000002,TRUE
96,Puerta 5,,-5.580155714285709,23.50432,TRUE
97,Puerta 5,floridanus,-7.317925714285709,24.4067514285714,TRUE
98,Puerta 5,audubonii,-6.99216285714286,21.450347142857098,TRUE
99,Puerta 5,floridanus,-9.8180114285714275,24.024708571428597,TRUE
100,Puerta 5,cunicularius,-6.49442,25.5130042857143,TRUE
103,Teopancazco,floridanus,-7.69601371428572,26.958857142857102,TRUE
104,Teopancazco,floridanus,-7.01566057142857,29.607142857142897,TRUE
105,Teopancazco,floridanus,-8.30706171428571,28.556,TRUE
106,Teopancazco,floridanus,-6.066542,26.130023809523795,TRUE
107,Teopancazco,floridanus,-5.83185257142857,28.399571428571402,TRUE
108,Teopancazco,floridanus,-6.21276571428571,23.667428571428598,TRUE
109,Teopancazco,floridanus,-6.256019047619049,25.694833333333296,TRUE
110,Teopancazco,floridanus,-6.431473809523811,28.553,TRUE
111,Teopancazco,floridanus,-7.3023119047619,27.43233333333329,TRUE
112,Teopancazco,floridanus,-6.0946,29.3035,TRUE
113,Teopancazco,floridanus,-5.317571428571429,28.0892514285714,TRUE
114,Teopancazco,,-6.26485714285714,25.381942857142896,FALSE
115,Teopancazco,,-9.119571428571428,27.9574171428571,TRUE
116,Teopancazco,,-8.782714285714292,27.22588,TRUE
117,Teopancazco,,-5.84685714285714,25.8153314285714,TRUE
118,Teopancazco,,-3.7891428571428603,26.89576,TRUE
119,Teopancazco,floridanus,-9.540999999999999,26.4338285714286,TRUE
120,Teopancazco,floridanus,-6.59314285714286,28.815365714285704,TRUE
121,Teopancazco,floridanus,-7.45,27.454308571428598,TRUE
122,Teopancazco,floridanus,-8.171714285714291,28.332005714285703,TRUE
123,Túneles y Cuevas,californicus,-9.190857142857139,27.841428571428597,TRUE
124,Túneles y Cuevas,floridanus,-8.03114285714286,25.137171428571406,FALSE
125,Túneles y Cuevas,floridanus,-11.313714285714301,21.348074285714297,TRUE
126,Túneles y Cuevas,,-6.97842857142857,23.109405714285703,FALSE
127,Túneles y Cuevas,floridanus,-8.61171428571428,24.680794285714295,TRUE
128,Túneles y Cuevas,,-7.730742857142861,23.2101666666667,TRUE
129,Túneles y Cuevas,floridanus,-8.130271428571426,24.092833333333292,TRUE
130,Túneles y Cuevas,floridanus,-12.688757142857098,28.6185,TRUE
131,Túneles y Cuevas,,-7.1053142857142895,26.0875,TRUE
132,Túneles y Cuevas,floridanus,-8.961314285714291,30.6275,TRUE
133,Túneles y Cuevas,floridanus,-9.596985714285712,26.42883333333329,TRUE
134,Túneles y Cuevas,,-5.86337142857143,27.757333333333293,TRUE
