language_id,language,family,macroarea,latitude,longitude,kin_term_count
v_adnyamathanhaadny1235,Adnyamathanha,Pama-Nyungan,Australia,-30.1451,138.671,304
v_aghulaghu1253,Aghul,Nakh-Daghestanian,Eurasia,41.9242,47.5843,190
v_aguarunaagua1253,Aguaruna,,South America,-5.30044,-77.9218,235
v_akhvakhnorthernakhvakhakhv1239,Akhvakh,Nakh-Daghestanian,Eurasia,42.4003,46.3037,302
v_akkadianakka1240,Akkadian,Afro-Asiatic,Eurasia,33.1,44.1,152
v_albanianalba1267,Albanian,Indo-European,Eurasia,,,530
v_albaniantosktosk1239,Northern Tosk Albanian,Indo-European,Eurasia,41,20,180
v_alyawarralya1239,Alyawarr,Pama-Nyungan,Australia,-21.042699999999996,136.835,367
v_amharicamha1245,Amharic,Afro-Asiatic,Africa,11.708181999999999,39.543456,176
v_amisamis1246,Amis,Austronesian,Papunesia,23.0917,121.348,46
v_ancientgreekanci1242,Ancient Greek,Indo-European,Eurasia,39.8155,21.9129,294
v_andiandi1255,Andi,Nakh-Daghestanian,Eurasia,42.80779999999999,46.291900000000005,304
v_angaiteanga1316,Angaité,,South America,-22.85,-58.449999999999996,108
v_arabanaarab1267,Arabana,Pama-Nyungan,Australia,-28.705,135.44899999999998,238
v_archiarch1244,Archi,Nakh-Daghestanian,Eurasia,42.3239,46.8267,245
v_arizonayaquiyaqu1251a,Yaqui,Uto-Aztecan,North America,29.944599999999998,-110.681,16
v_armeniannucl1235,Eastern Armenian,Indo-European,Eurasia,40,45,500
v_assameseassa1263,Assamese,Indo-European,Eurasia,26.0876,91.29320000000001,454
v_asutanzaniaasut1235,Asu (Tanzania),Atlantic-Congo,Africa,-4.17978,37.832300000000004,198
v_atayalatay1247,Atayal,Austronesian,Papunesia,24.5209,121.38799999999999,42
v_atsugewiatsu1245,Atsugewi,,North America,40.4271,-120.661,73
v_avarancuxancu1238,Ancux,Nakh-Daghestanian,Eurasia,,,378
v_avarandalalanda1281,Andalal-Gxdatl,Nakh-Daghestanian,Eurasia,,,304
v_avaravar1256,Avar,Nakh-Daghestanian,Eurasia,41.7047,46.558,326
v_avarbatluxbatl1238,Batlux,Nakh-Daghestanian,Eurasia,,,286
v_avarhiddialecthidd1238,Hid,Nakh-Daghestanian,Eurasia,,,310
v_avazkhunzakhkunz1243,Kunzakh,Nakh-Daghestanian,Eurasia,,,310
v_avestanaves1237,Avestan,Indo-European,Eurasia,31.541,53.633,246
v_ayoreoayor1240,Ayoreo,,South America,-19.220055000000002,-60.217495,224
v_aztecclas1250,Classical Nahuatl,Uto-Aztecan,North America,19.72,-96.97,136
v_badimayabadi1246,Badimaya,Pama-Nyungan,Australia,-29.0647,117.24600000000001,104
v_bafiabafi1243,Bafia,Atlantic-Congo,Africa,4.72603,11.098199999999999,36
v_bahvalalbagv1239,Bagvalal,Nakh-Daghestanian,Eurasia,42.3966,46.1041,304
v_balicongobali1274,Bali (Democratic Republic of Congo),Atlantic-Congo,Africa,1.1807,26.5941,9
v_balidrcbali1275,Bali,Atlantic-Congo,Africa,,,24
v_balochibalo1260,Balochic,Indo-European,,,,232
v_bamunbamu1253,Bamun,Atlantic-Congo,Africa,5.49017,10.8477,18
v_bandjalangband1339,Bandjalangic,Pama-Nyungan,Australia,-28.3458,152.859,1051
v_bannockbann1248,Bannock,Uto-Aztecan,North America,,,153
v_baribari1297,Barí,,South America,9.084969999999998,-72.9353,268
v_basquebasq1248,Basque,,Eurasia,43.27870000000001,-1.31622,90
v_basquewest1508,Western Low Navarrese,,Eurasia,,,284
v_batangabata1285,Batanga,Atlantic-Congo,Africa,1.397041,9.51011,228
v_batstsovatushbats1242,Bats,Nakh-Daghestanian,Eurasia,42.1806,45.343999999999994,234
v_baurebaur1253,Baure,Arawakan,South America,-13.127799999999999,-64.18379999999999,130
v_belarusianbela1254,Belarusian,Indo-European,Eurasia,53.230700000000006,25.603800000000003,544
v_bembabemb1257,Bemba (Zambia),Atlantic-Congo,Africa,-10.6122,29.2993,142
v_benatanzaniabena1262,Bena (Tanzania),Atlantic-Congo,Africa,-9.26671,35.0364,268
v_bendebend1258,Bende,Atlantic-Congo,Africa,-6.22082,30.592599999999997,174
v_bengalibeng1280,Bengali,Indo-European,Eurasia,24,90,465
v_berabera1259,Bera,Atlantic-Congo,Africa,1.50054,30.0293,180
v_bezhtabezh1248,Bezhta,Nakh-Daghestanian,Eurasia,42.1206,46.0332,252
v_biharibiha1245,Bihari,Indo-European,,,,195
v_bilabila1255,Bila,Atlantic-Congo,Africa,1.16839,28.762599999999996,204
v_bindalbind1236,Bindal-Mount Elliot,Pama-Nyungan,Australia,-19.409007,147.002766,14
v_birhorbirh1242,Birhor,Austroasiatic,Eurasia,23.584999999999997,85.56110000000001,182
v_biribiri1256,Biri,Pama-Nyungan,Australia,-20.1494,146.67,356
v_bitbitt1240,Bit,Austroasiatic,Eurasia,21.3474,101.91600000000001,186
v_boersafri1274,Afrikaans,Indo-European,Africa,-22,30,444
v_bretonbret1244,Breton,Indo-European,Eurasia,48.245200000000004,-3.78934,490
v_budukhbudu1248,Budukh,Nakh-Daghestanian,Eurasia,41.2272,48.335300000000004,304
v_budzabudz1238,Budza,Atlantic-Congo,Africa,2.19951,22.6107,30
v_bukusubuku1249,Bukusu,Atlantic-Congo,Africa,0.6804299999999999,34.7719,278
v_bulgarianbulg1262,Bulgarian,Indo-European,Eurasia,43.364599999999996,25.047,538
v_bununbunu1267,Bunun,Austronesian,Papunesia,23.4116,121.02499999999999,122
v_burmesenucl1310,Burmese,Sino-Tibetan,Eurasia,20.792599999999997,93.96650000000001,110
v_bushoongbush1247,Bushoong,Atlantic-Congo,Africa,-4.694629999999999,21.455599999999997,222
v_bwaidogabwai1243,Bwaidoga,Austronesian,Papunesia,,,11
v_cahuillacahu1264,Cahuilla,Uto-Aztecan,North America,33.5324,-116.691,222
v_carnicobaresecarn1240,Car Nicobarese,Austroasiatic,Eurasia,9.18853,92.76710000000001,62
v_carolinianscaro1242,Carolinian,Austronesian,Papunesia,15.205,145.765,16
v_cayubabacayu1262,Cayubaba,,South America,-13.248199999999997,-65.4822,246
v_centralaymaracent2142,Central Aymara,,South America,-17,-68.5,140
v_centralkurdishcent1972,Central Kurdish,Indo-European,Eurasia,35.6539,45.8077,182
v_chamalalcham1309,Chamalal,Nakh-Daghestanian,Eurasia,42.5024,45.995000000000005,314
v_chamalalgigatligiga1238,Gigatl,Nakh-Daghestanian,Eurasia,,,392
v_chapalaachac1249,Cha'palaa,,South America,0.71489,-79.0508,104
v_chemehuevichem1251,Chemehuevi,Uto-Aztecan,North America,35.356092999999994,-116.438436,118
v_chenchuchen1255,Chenchu,Dravidian,Eurasia,15.8787,79.2534,208
v_chimarikochim1301,Chimariko,,North America,41,-123,200
v_chipayachip1262,Chipaya,,South America,-18.73951,-67.89632999999999,46
v_chiricahuamesc1238,Mescalero-Chiricahua Apache,,North America,33.12910000000001,-105.566,200
v_chokwechok1245,Chokwe,Atlantic-Congo,Africa,-9.66082,21.3992,192
v_coastalyukiyuki1243b,Northern Yukian,,North America,39.8389,-123.296,160
v_cocopacoco1261,Cocopa,,North America,32.376,-114.848,145
v_cofancofa1242,Cofán,,South America,0.276675,-77.0643,256
v_colloquialmalaymala1479,Colloquial Malay,Austronesian,Eurasia,1.85856,103,260
v_coloradouteutee1244a,Ute,Uto-Aztecan,North America,38,-109,42
v_comanchecoma1245,Comanche,Uto-Aztecan,North America,34,-101,251
v_coraelna1235,El Nayar Cora,Uto-Aztecan,North America,22.4099,-104.46700000000001,45
v_cornishcorn1251,Cornish,Indo-European,Eurasia,50.523300000000006,-4.18619,232
v_cruzenocruz1243,Cruzeño,,North America,34.0465,-119.864,24
v_cubeocube1242,Cubeo,,South America,1.3238199999999998,-70.1939,294
v_cupenocupe1243,Cupeño,Uto-Aztecan,North America,33.31479999999999,-116.515,212
v_cuscoquechuacusc1236,Cusco Quechua,,South America,-14.0853,-71.7663,268
v_czechczec1258,Czech,Indo-European,Eurasia,49.873398,15.104369999999998,406
v_dandamimariadand1238,Dandami Maria,Dravidian,Eurasia,18.7475,81.35979999999999,158
v_danishdani1285,Danish,Indo-European,Eurasia,54.865500000000004,9.362840000000002,404
v_dargwachiragchir1284,Chirag,Nakh-Daghestanian,Eurasia,41.86948099999999,47.41111,270
v_dargwaitsariitsa1239,Icari,Nakh-Daghestanian,Eurasia,,,188
v_daridari1249,Dari,Indo-European,Eurasia,31.040499999999998,67.35929999999999,508
v_degexitandege1248,Degexit'an,,North America,62.069700000000005,-160.04399999999998,24
v_delinenort2942,North Slavey,,North America,63.267100000000006,-123.641,188
v_denesulinechip1261,Chipewyan,,North America,58.98,-104.44000000000001,226
v_denethasouthslaveysout2959,South Slavey,,North America,59.8794,-117.04700000000001,226
v_dharumbaldhar1248,Dharumbal,Pama-Nyungan,Australia,-23.307000000000002,150.593,368
v_dhuwaldhuw1249,Dhuwal,Pama-Nyungan,Australia,-12.7825,136.008,350
v_digodigo1243,Digo,Atlantic-Congo,Africa,-4.621009999999999,39.175200000000004,196
v_dingding1239,Ding,Atlantic-Congo,Africa,-4.443040000000001,19.388099999999998,492
v_diyaridier1241,Dieri,Pama-Nyungan,Australia,-28.1667,138,345
v_djambarrpuyngudjam1256,Djambarrpuyngu,Pama-Nyungan,Australia,-12.020999999999999,135.59,294
v_djinangdjin1253,Djinang,Pama-Nyungan,Australia,-12.462000000000002,134.82000000000002,300
v_dogribdogr1252,Dogrib,,North America,62.3823,-114.193,114
v_dualadual1243,Duala,Atlantic-Congo,Africa,4.102079999999999,9.618769999999998,266
v_dumaduma1253,Duma,Atlantic-Congo,Africa,-0.91927,13.0046,14
v_dutchdutc1256,Dutch,Indo-European,Eurasia,52,5,204
v_dyirbaldyir1250,Dyirbal,Pama-Nyungan,Australia,-17.4516,145.54399999999998,404
v_easterislandersrapa1244,Rapanui,Austronesian,Papunesia,-27.113000000000003,-109.342,178
v_easternarmenianeast2283,Eastern Armenian,Indo-European,Eurasia,40,45,314
v_easternpaharinepalieast1436,Eastern Pahari,Indo-European,Eurasia,27.594703329999998,87.62008332999999,102
v_easternyiddisheast2295,Eastern Yiddish,Indo-European,Eurasia,51.75,19.419999999999998,244
v_ekondamongoekon1238,Ekonda Mongo,Atlantic-Congo,Africa,,,191
v_elamiteelam1244,Elamite,,Eurasia,31.1833,48.23330000000001,156
v_ellicetuva1244,Tuvalu,Austronesian,Papunesia,-8.520812999999999,179.198088,194
v_epenaepen1239,Epena,,South America,4.25877,-77.3566,64
v_erzyaerzy1239,Erzya,Uralic,Eurasia,52.85479999999999,45.390100000000004,192
v_estonianesto1258,Estonian,Uralic,Eurasia,58.55,25.82,144
v_eudeveeude1234,Eudeve,Uto-Aztecan,North America,28.5,-110,42
v_eyakeyak1241,Eyak,,North America,60.4232,-144.762,91
v_fangegfang1246,Fang (Equatorial Guinea),Atlantic-Congo,Africa,1.7239649999999997,11.61454,210
v_fefefefe1239,Fe'fe',Atlantic-Congo,Africa,5.181579999999999,10.144199999999998,324
v_finnishfinn1318,Finnish,Uralic,Eurasia,64.7628,25.5577,126
v_fipafipa1238,Fipa,Atlantic-Congo,Africa,-7.88963,31.3442,186
v_flindersislandflin1247,Flinders Island,Pama-Nyungan,Australia,-14.181199999999999,144.259,16
v_frisianfris1239,Frisian,Indo-European,,,,660
v_futunanseast2447,East Futuna,Austronesian,Papunesia,-14.278716999999999,-178.137222,282
v_gabrielinotong1329,Tongva,Uto-Aztecan,North America,34.1,-118.11,67
v_gandagand1255,Ganda,Atlantic-Congo,Africa,0.66884,32.15153,181
v_giryamagiry1241,Giryama,Atlantic-Congo,Africa,-3.30638,39.6648,196
v_godoberighod1238,Godoberi,Nakh-Daghestanian,Eurasia,42.7428,46.22520000000001,332
v_gogogogo1263,Gogo,Atlantic-Congo,Africa,-6.359509999999999,35.4807,203
v_gondigond1265,Gondi,Dravidian,,,,70
v_gothicgoth1244,Gothic,Indo-European,Eurasia,46.9304,29.978599999999997,136
v_guarijiohuar1255,Huarijio,Uto-Aztecan,North America,27.868499999999997,-108.43700000000001,64
v_gujaratiguja1252,Gujarati,Indo-European,Eurasia,22.687,71.09620000000001,842
v_gumatjguma1253,Gumatj,Pama-Nyungan,Australia,-12.252540000000002,136.83042000000003,172
v_gumbaynggirkumb1268,Kumbainggar,Pama-Nyungan,Australia,-29.818900000000003,152.91299999999998,322
v_gununakunepuel1244,Puelche,,South America,-42.223000000000006,-68.666,270
v_gunyaguny1241,Gunya,Pama-Nyungan,Australia,-27.0642,145.86200000000002,175
v_gupapuyngugupa1247,Gupapuyngu,Pama-Nyungan,Australia,-12.2868,135.33700000000002,404
v_gurindjiguri1247,Gurindji,Pama-Nyungan,Australia,-17.0329,130.379,202
v_gusiigusi1247,Gusii,Atlantic-Congo,Africa,-0.78872,34.76751000000001,151
v_guuguyimidhirrgugu1255,Guugu Yimidhirr,Pama-Nyungan,Australia,-14.942400000000001,144.83100000000002,278
v_hahaaa1252,Ha,Atlantic-Congo,Africa,-3.7787300000000004,30.489399999999996,228
v_hausahaus1257,Hausa,Afro-Asiatic,Africa,11.151299999999999,8.7804,417
v_hawaiianshawa1245,Hawaiian,Austronesian,Papunesia,19.6297,-155.43,404
v_hayahaya1250,Haya,Atlantic-Congo,Africa,-1.70878,31.484599999999997,200
v_hehehehe1240,Hehe,Atlantic-Congo,Africa,-7.71572,35.72550000000001,186
v_hererohere1253,Herero,Atlantic-Congo,Africa,-21.0231,20.565499999999997,306
v_highlandpueblanahuatlhigh1278,Highland Puebla Nahuatl,Uto-Aztecan,North America,20.1554,-97.5556,162
v_hindihind1269,Hindi,Indo-European,Eurasia,25,77,1058
v_hinuqhinu1240,Hinuq,Nakh-Daghestanian,Eurasia,42.450199999999995,45.8064,308
v_hittitehitt1242,Hittite,Indo-European,Eurasia,40,35,168
v_hopihopi1249,Hopi,Uto-Aztecan,North America,35.76530000000001,-110.535,69
v_hopishopi1249b,Hopi,Uto-Aztecan,North America,35.76530000000001,-110.535,44
v_hotiyuwanayuwa1244,Hoti,,South America,5.63879,-65.4267,58
v_huastecnahuatlhuas1257,Huasteca Nahuatl,Uto-Aztecan,,,,16
v_huicholhuic1243,Huichol,Uto-Aztecan,North America,21.954,-104.062,20
v_hunzibhunz1247,Hunzib,Nakh-Daghestanian,Eurasia,42.080799999999996,46.136900000000004,302
v_hupahupa1239,Hupa-Chilula,,North America,41.098200000000006,-123.67999999999999,106
v_icelandicicel1247,Icelandic,Indo-European,Eurasia,63.4837,-19.0212,274
v_ifaluknuclearwoleaiannucl1479,Nuclear Woleaian,Austronesian,Papunesia,,,134
v_igbonucl1417,Igbo,Atlantic-Congo,Africa,4.627049999999999,7.23441,124
v_ignacianoigna1246,Ignaciano,Arawakan,South America,-15.118799999999998,-65.3993,216
v_ingrianingr1248,Ingrian,Uralic,Eurasia,59.47403,29.711450000000003,204
v_ingushingu1240,Ingush,Nakh-Daghestanian,Eurasia,43.11,45.03,320
v_inxokvariinxo1238,Inxokvari,Nakh-Daghestanian,Eurasia,,,298
v_irishiris1253,Irish,Indo-European,Eurasia,53.2186,-7.6150899999999995,366
v_italianital1282,Italian,Indo-European,Eurasia,43.0464,12.648899999999998,202
v_itonamaiton1250,Itonama,,South America,-12.80431,-64.35748,174
v_iyojwajachoroteiyoj1235,Iyojwa'ja Chorote,,South America,-22.1896,-63.23830000000001,161
v_jamaicancreolejama1262,Jamaican Creole English,Indo-European,North America,18.130000000000003,-77.26120000000002,228
v_japanesenucl1643,Japanese,,Eurasia,35,135,212
v_jarujaru1254,Jaru,Pama-Nyungan,Australia,-18.3288,128.262,343
v_jicarillajica1244,Jicarilla Apache,,North America,36.8079,-107.007,262
v_judeotatjude1256,Judeo-Tat,Indo-European,Eurasia,42.06830600000001,48.264749,726
v_kadarkada1242,Kadar,Dravidian,Eurasia,11.0602,76.7285,76
v_kagulukagu1239,Kagulu,Atlantic-Congo,Africa,-6.38204,37.053399999999996,180
v_kalkatungukalk1246,Kalkutung,Pama-Nyungan,Australia,-21,139.5,274
v_kamayurakama1373,Kamayurá,Tupian,South America,-12.2661,-53.46510000000001,202
v_kambakamb1297,Kamba (Kenya),Atlantic-Congo,Africa,-1.60827,37.953199999999995,303
v_kankanaynort2877,Northern Kankanay,Austronesian,Papunesia,17.1057,120.786,54
v_kaondekaon1241,Kaonde,Atlantic-Congo,Africa,-12.4129,25.764599999999998,176
v_kapingamarangikapi1249,Kapingamarangi,Austronesian,Papunesia,1.0391659999999998,154.797223,196
v_karajarrikara1476,Karadjeri,Pama-Nyungan,Australia,-18.677100000000003,122.334,246
v_kariyarrakari1304,Kariyarra,Pama-Nyungan,Australia,-20.444999999999997,118.613,276
v_karokkaro1304,Karok,,North America,41.8228,-123.315,144
v_kartujarrakart1247,Kartujarra,Pama-Nyungan,Australia,,,294
v_karuwalikarr1236,Karruwali,Pama-Nyungan,Australia,,,12
v_kashmirikash1277,Kashmiri,Indo-European,Eurasia,34.166825,74.330455,706
v_kaurnakaur1267,Kaurna,Pama-Nyungan,Australia,-34.34966140999999,138.48007940000002,333
v_kawaiisukawa1283,Kawaiisu,Uto-Aztecan,North America,36.053799999999995,-118.67899999999999,40
v_kazakhkaza1248,Kazakh,Turkic,Eurasia,41.8729,65.7709,183
v_kazymberezoversuryskarerkhantykhan1273,Kazym-Berezover-Suryskarer Khanty,Uralic,Eurasia,62.4308,66.1218,300
v_kelekele1257,Kélé,Atlantic-Congo,Africa,-0.7885399999999999,10.383600000000001,14
v_kerewekere1283,Kerewe,Atlantic-Congo,Africa,-2.09315,33.5326,87
v_ketkett1243,Ket,,Eurasia,63.755100000000006,87.54660000000001,168
v_kikuyukiku1240,Kikuyu,Atlantic-Congo,Africa,-0.29005000000000003,36.719,222
v_kiowaapachekiow1264,Kiowa Apache,,North America,34.9077,-98.24610000000001,120
v_kitanemukserr1255b,Serrano,Uto-Aztecan,North America,33.9479,-116.77199999999999,69
v_kodavakoda1255,Kodava,Dravidian,Eurasia,12.244299999999997,75.91610000000001,198
v_kodikodi1247,Kodi-Gaura,Austronesian,Papunesia,-9.637299999999998,119.114,42
v_komizyriankomi1268,Komi-Zyrian,Uralic,Eurasia,64.05269999999999,54.946,562
v_komkomc1235,Kom (Cameroon),Atlantic-Congo,Africa,6.259600000000001,10.3348,196
v_komodrckomo1260,Komo (Democratic Republic of Congo),Atlantic-Congo,Africa,-0.76333,26.7144,393
v_kotakota1274,Kota (Gabon),Atlantic-Congo,Africa,1.016,13.97,66
v_koyakoya1251,Koya,Dravidian,Eurasia,17.677200000000003,81.20960000000001,371
v_kuikuii1252,Kui (India),Dravidian,Eurasia,19.2043,83.5859,412
v_kukatjakuka1246,Kukatja,Pama-Nyungan,Australia,-20.3321,127.666,458
v_kukuyalanjikuku1273,Kuku-Yalanji,Pama-Nyungan,Australia,-16.0036,145.18800000000002,378
v_kumykkumy1244,Kumyk,Turkic,Eurasia,43,47,230
v_kunzakunz1244,Kunza,,South America,-23,-69,78
v_kurukhkuru1302,Kurukh,Dravidian,Eurasia,24.464399999999998,86.4657,204
v_kuvikuvi1243,Kuvi,Dravidian,Eurasia,18.8832,83.7552,130
v_kwasiokwas1243,Kwasio,Atlantic-Congo,Africa,2.39354,10.081199999999999,231
v_kwerekwer1261,Kwere,Atlantic-Congo,Africa,-6.506660000000001,38.4449,158
v_lahndalahn1241,Lahnda,Indo-European,,,,392
v_lakemiwoklake1258,Lake Miwok,,North America,39.002100000000006,-122.621,57
v_lalabisalala1264,Lala-Bisa,Atlantic-Congo,Africa,-12.945,30.229699999999998,68
v_lambalamb1271,Lamba,Atlantic-Congo,Africa,-12.3366,27.902599999999996,192
v_langilang1320,Langi,Atlantic-Congo,Africa,-4.714129999999999,35.951699999999995,278
v_latinlati1261,Latin,Indo-European,Eurasia,41.9026,12.4502,290
v_latvianlatv1249,Latvian,Indo-European,Eurasia,56.826108000000005,24.309118,573
v_laufijianlaua1243,Lauan,Austronesian,Papunesia,-18.2131,-178.785,156
v_lengualeng1262,Lengua,,South America,-22.655900000000003,-58.905300000000004,168
v_lingalaling1263,Kinshasa Lingala,Atlantic-Congo,Africa,-4.409174,15.285319999999999,332
v_lipanapachelipa1241,Lipan Apache,,North America,33.2748,-105.819,196
v_lithuanianlith1251,Lithuanian,Indo-European,Eurasia,55.142900000000004,23.960099999999997,506
v_lowerpimapimabajopima1248,Pima Bajo,Uto-Aztecan,North America,28.654000000000003,-108.326,27
v_lozilozi1239,Lozi,Atlantic-Congo,Africa,-17.705199999999998,24.739800000000002,182
v_lubakatangaluba1250,Luba-Katanga,Atlantic-Congo,Africa,-8.2816,25.891800000000003,128
v_lubalulualuba1249,Luba-Lulua,Atlantic-Congo,Africa,-5.727169999999999,22.442199999999996,322
v_lubuagankalingalubu1243,Lubuagan Kalinga,Austronesian,Papunesia,17.387900000000002,121.0365,154
v_lugurulugu1238,Luguru,Atlantic-Congo,Africa,-6.8682799999999995,37.5557,242
v_luisenoluis1253,Luiseno-Juaneño,Uto-Aztecan,North America,33.3184,-116.93900000000001,303
v_lundalund1266,Lunda,Atlantic-Congo,Africa,-11.1793,23.8662,182
v_luvaleluva1239,Luvale,Atlantic-Congo,Africa,-13.538199999999998,22.292399999999997,176
v_luxembourgishluxe1241,Moselle Franconian,Indo-European,Eurasia,49.6839,6.14931,302
v_macamaca1260,Maca,,South America,-25.011900000000004,-57.3694,121
v_macedonianmace1250,Macedonian,Indo-European,Eurasia,41.59570000000001,21.7932,288
v_magyarhung1274,Hungarian,Uralic,Eurasia,46.90685857,19.65552714,192
v_mahasupaharimaha1287,Mahasu Pahari,Indo-European,Eurasia,31.0088,77.5317,110
v_maithilimait1250,Maithili,Indo-European,Eurasia,26.3817,86.2211,312
v_makondemako1251,Makonde,Atlantic-Congo,Africa,-10.9906,39.5133,422
v_malapandarammala1468,Malapandaram,Dravidian,Eurasia,8.59225,77.27199999999999,209
v_malayalammala1464,Malayalam,Dravidian,Eurasia,9.592080000000001,76.7651,90
v_malganamalg1242,Malgana,Pama-Nyungan,Australia,-26.211000000000002,114.245,78
v_mangarevansmang1401,Mangareva,Austronesian,Papunesia,-23.1095,-134.97,173
v_mansimans1258,Northern Mansi,Uralic,Eurasia,64.41180000000001,61.343999999999994,662
v_maorimaor1246,Māori,Austronesian,Papunesia,-38.28810000000001,176.541,369
v_mapudungunmapu1245,Mapudungun,,South America,-38.739200000000004,-71.277,342
v_marathimara1378,Marathi,Indo-European,Eurasia,17.9344,76.6665,678
v_marganymarg1253,Margany,Pama-Nyungan,Australia,-26.788999999999998,144.89200000000002,162
v_marieast2328,Eastern Mari,Uralic,Eurasia,55.8307,48.405,156
v_martuwangkamart1256,Martu Wangka,Pama-Nyungan,Australia,-23.350911660000005,123.6684224,660
v_marwariindiamarw1260,Marwari (India),Indo-European,Eurasia,27.002,75.0656,209
v_masaabamasa1299,Masaaba,Atlantic-Congo,Africa,1.05906,34.282900000000005,177
v_mashcopiromash1270,Mashco Piro,Arawakan,South America,-11.4745,-70.7953,148
v_mattolematt1238,Mattole-Bear River,,North America,40.432100000000005,-122.863,47
v_mayomayo1264,Mayo,Uto-Aztecan,North America,26.452199999999998,-108.98100000000001,41
v_mbalambal1257,Mbala,Atlantic-Congo,Africa,-5.118879999999999,18.041,358
v_mberember1257,Mbere,Atlantic-Congo,Africa,-0.477445,14.2877,59
v_mbuunmpuo1241,Mbuun,Atlantic-Congo,Africa,-5.211340000000001,19.4269,220
v_mekeomeke1243,Mekeo,Austronesian,Papunesia,-8.238529999999999,146.586,20
v_merumeru1245,Meru,Atlantic-Congo,Africa,0.26484,37.7396,242
v_metameta1238,Meta',Atlantic-Congo,Africa,5.88942,9.87416,37
v_middleenglishmidd1317,Middle English,Indo-European,Eurasia,51.65,-1.11,200
v_middlehighgermanmidd1343,Middle High German,Indo-European,Eurasia,48.254,10.599,244
v_midobmido1240,Midob,,Africa,14.789,27.223599999999998,162
v_mocovimoco1246,Mocoví,,South America,-28.097,-60.4145,188
v_moderngreekmode1248,Modern Greek,Indo-European,Eurasia,38.36,23.130000000000003,226
v_modernwelshwels1247,Welsh,Indo-European,Eurasia,52,-4,630
v_mokpwemokp1239,Mokpwe,Atlantic-Congo,Africa,4.24178,9.238869999999997,438
v_mongomong1338,Mongo,Atlantic-Congo,Africa,-1.54228,20.4259,318
v_monomono1275,Mono (USA),Uto-Aztecan,North America,37.19350000000001,-119.34700000000001,176
v_mosetenchimanemose1249,Mosetén-Chimané,,South America,-14.64448,-67.83756000000001,98
v_movimamovi1243,Movima,,South America,-13.8115,-65.6348,108
v_mudburramudb1240,Mudburra,Pama-Nyungan,Australia,-16.769399999999997,132.329,200
v_muiscachibchachib1270,Chibcha,,South America,6.24999,-74.1666,112
v_mungakamung1266,Mungaka,Atlantic-Congo,Africa,5.897519999999999,10.0294,116
v_muruwarimuru1266,Muruwari,Pama-Nyungan,Australia,-28.9618,146.546,216
v_myenemyen1241,Myene,Atlantic-Congo,Africa,-1.48741,9.50247,283
v_navajonava1243,Navajo,,North America,36.2106,-110.082,158
v_ndumundum1239,Ndumu,Atlantic-Congo,Africa,-1.67033,13.727899999999998,11
v_negerhollandsnege1244,Negerhollands,Indo-European,North America,18.3416,-64.8922,182
v_nepalinepa1254,Nepali,Indo-European,Eurasia,28,85,584
v_nevomepima1248b,Pima Bajo,Uto-Aztecan,North America,28.654000000000003,-108.326,8
v_ngaanyatjarrangaa1240,Ngaanyatjarra,Pama-Nyungan,Australia,-25.7514,127.60199999999999,450
v_ngadjumayangad1258,Ngadjunmaya,Pama-Nyungan,Australia,-32.02447,124.46601000000001,158
v_ngarinymanngar1235,Ngarinman,Pama-Nyungan,Australia,-15.4661,130.651,400
v_ngarlangar1286,Yinhawangka,Pama-Nyungan,Australia,-22.917800000000003,117.5628,38
v_ngarlumangar1287,Ngarluma,Pama-Nyungan,Australia,-20.923499999999997,117.203,186
v_ngarrindjerinarr1259,Narrinyeri,Pama-Nyungan,Australia,-36.23010000000001,140.15800000000002,60
v_ngiyambaawang1291,Ngiyambaa,Pama-Nyungan,Australia,-30.6481,146.18,166
v_ngombebinjabinj1250,Binja,Atlantic-Congo,Africa,,,17
v_ngoningon1269,Ngoni,Atlantic-Congo,Africa,-11.7794,37.41179999999999,94
v_ngulungul1246,Ngulu,Atlantic-Congo,Africa,-5.79734,37.682300000000005,191
v_nhantanhan1238,Nhanda,Pama-Nyungan,Australia,-27.425236429999995,114.2680442,384
v_ninamnina1238,Ninam,,South America,4.03894,-62.780100000000004,176
v_niueansniue1239,Niuean,Austronesian,Papunesia,-19.06,-169.86,152
v_nivacleniva1238,Nivaclé,,South America,-22.8557,-61.760600000000004,266
v_njebinjeb1242,Njebi,Atlantic-Congo,Africa,-2.18115,12.706299999999999,42
v_nogainoga1249,Nogai,Turkic,Eurasia,43.5917,46.6618,324
v_northazerbaijaninort2697,North Azerbaijani,Turkic,Eurasia,40.9777,46.4737,318
v_northeasternmaidunort2952,Northeast Maidu,,North America,40.410199999999996,-120.645,233
v_northernemberanort2972,Northern Emberá,,South America,7.127609999999999,-77.574,190
v_northerngondinort2702,Northern Gondi,Dravidian,Eurasia,18.1632,81.3842,192
v_northernhaidanort2938,Northern Haida,,North America,54.004532000000005,-132.07925699999998,104
v_northernkurdishnort2641,Northern Kurdish,Indo-European,Eurasia,37,43,194
v_northernpaiutenort2954,Northern Paiute,Uto-Aztecan,North America,40.0799,-119.536,40
v_northernpomonort2966,Northern Pomo,,North America,39.1084,-123.209,153
v_northernsaminort2671,North Saami,Uralic,Eurasia,68.725,22.111300000000004,212
v_northerntepehuannort2959,Northern Tepehuan,Uto-Aztecan,North America,26.434800000000003,-107.37899999999999,41
v_northmarquesannort2845,North Marquesan,Austronesian,Papunesia,-8.89412,-140.108,145
v_northnorthernpaiutenort1551,North Northern Paiute,Uto-Aztecan,North America,,,231
v_northwesternmaidunort2951,Northwest Maidu,,North America,39.67210000000001,-121.368,194
v_norwegianbokmalnorw1259,Norwegian Bokmål,Indo-European,Eurasia,61.112,8.886000000000001,166
v_nsongsong1299,Nsong,Atlantic-Congo,Africa,-4.55057,18.4978,232
v_nuuchahnulthnuuc1236,Nuu-chah-nulth,,North America,49.67,-126.66999999999999,122
v_nyakyusanyak1260,Nyakyusa-Ngonde,Atlantic-Congo,Africa,-9.71018,33.776300000000006,147
v_nyamalnyam1271,Nyamal,Pama-Nyungan,Australia,-21.6092,119.693,222
v_nyangumartanyan1301,Nyangumarta,Pama-Nyungan,Australia,-20.627100000000002,121.391,486
v_nyoronyor1246,Nyoro,Atlantic-Congo,Africa,0.9529400000000001,31.3493,234
v_oduoduu1239,O'du,Austroasiatic,Eurasia,19.3497,104.106,200
v_oldaramaicolda1245,Old Aramaic-Sam'alian,Afro-Asiatic,Eurasia,32.839999999999996,37,212
v_oldchurchslavonicchur1257,Church Slavic,Indo-European,Eurasia,43.7171,22.8442,282
v_oldenglishca4501100olde1238,Old English (ca. 450-1100),Indo-European,Eurasia,51.06,-1.31,376
v_oldhighgermanca7501050oldh1241,Old High German (ca. 750-1050),Indo-European,Eurasia,52,10,142
v_oldirisholdi1245,Early Irish,Indo-European,Eurasia,53,-8,190
v_oldnorseoldn1244,Old Norse,Indo-European,Eurasia,63.42,10.38,160
v_oldprussianprus1238,Old Prussian,Indo-European,Eurasia,52.394,14.757,58
v_oldrussianoldr1238,Old Russian,Indo-European,Eurasia,54.812999999999995,31.827,190
v_oldwelsholdw1239,Old-Middle Welsh,Indo-European,Eurasia,52.582,-4.089,46
v_ontongjavaonto1237,Luangiua,Austronesian,Papunesia,-5.490290000000001,159.701,277
v_opataopat1246,Teguima,Uto-Aztecan,North America,31.15211,-110.06212000000001,218
v_oriyaoriy1255,Odia,Indo-European,Eurasia,21,85,460
v_orokoorok1266,Oroko,Atlantic-Congo,Africa,4.89504,9.152090000000001,26
v_ossetianosse1243,Modern Ossetic,Indo-European,Eurasia,42.98,44.61,200
v_osseticosse1245,Ossetic,Indo-European,,,,104
v_paakantyidarl1243,Paakantyi,Pama-Nyungan,Australia,-32.70210000000001,142.695,193
v_paezpaez1247,Páez,,South America,2.61516,-76.31254,166
v_paliyanpali1274,Paliyan,Dravidian,Eurasia,10.087,77.18629999999999,208
v_panjabipanj1256,Eastern Panjabi,Indo-European,Eurasia,30.036800000000003,75.6702,656
v_pashtopash1269,Pashto,Indo-European,,,,458
v_payungubayu1240,Bayungu,Pama-Nyungan,Australia,-23.3809,114.10799999999999,272
v_phendephen1239,Phende,Atlantic-Congo,Africa,-5.647349999999999,19.8275,282
v_pilagapila1245,Pilagá,,South America,-25.0058,-60.1537,194
v_pimadeyepachicchih1238,Chihuahua Pima Bajo,Uto-Aztecan,North America,,,14
v_pinjipinj1243,Pinji,Atlantic-Congo,Africa,-1.90305,11.222999999999999,60
v_pintupiluritjapint1250,Pintupi-Luritja,Pama-Nyungan,Australia,-23.2963,130.64299999999997,443
v_pipilpipi1250,Pipil,Uto-Aztecan,North America,13.8931,-89.44300000000001,19
v_pirriyapirr1240,Pirriya,Pama-Nyungan,Australia,-25.48006595,142.5485119,36
v_pitjantjatjarapitj1243,Pitjantjatjara,Pama-Nyungan,Australia,-26.970399999999998,131.35700000000003,269
v_pittapittapitt1247,Pitta Pitta,Pama-Nyungan,Australia,-22.795199999999998,139.983,313
v_pokomopoko1261,Pokomo,Atlantic-Congo,Africa,-2.3158699999999994,40.2897,28
v_polcipolc1243,Polci,Afro-Asiatic,Africa,10.0258,9.533619999999999,240
v_polishpoli1260,Polish,Indo-European,Eurasia,51.8439,18.6255,760
v_portugueseport1283,Portuguese,Indo-European,Eurasia,39.91,-8.1,178
v_praiphai1238,Prai,Austroasiatic,Eurasia,19.0383,101.218,364
v_puinavepuin1248,Puinave,,South America,3.92974,-67.6886,106
v_pumepume1238,Pumé,,South America,7.10677,-67.59960000000001,204
v_punupunu1239,Punu,Atlantic-Congo,Africa,-2.67362,11.6714,45
v_puyumapuyu1239,Puyuma,Austronesian,Papunesia,22.643,120.99600000000001,36
v_qawasquarqawa1238,Qawasqar,,South America,-49.303195,-74.707536,150
v_quechanquec1382,Quechan,,North America,32.785900000000005,-114.599,125
v_raroianstuam1242,Tuamotuan,Austronesian,Papunesia,-16.17259,-146.321755,194
v_rennellislandersrenn1242,Rennell-Bellona,Austronesian,Papunesia,-11.6237,160.265,195
v_ritharrngurita1239,Ritarungo,Pama-Nyungan,Australia,-13.455900000000002,135.259,273
v_romanianroma1327,Romanian,Indo-European,Eurasia,46.3913,24.225599999999996,366
v_rotinesetermanuterm1237,Termanu,Austronesian,Papunesia,-10.7326,123.169,183
v_rotumansrotu1241,Rotuman,Austronesian,Papunesia,-12.5008,177.066,280
v_rundirund1242,Rundi,Atlantic-Congo,Africa,-2.94,29.97,258
v_russianruss1263,Russian,Indo-European,Eurasia,59,50,506
v_rutulshin1265,Shina (Nakh-Daghestan),Nakh-Daghestanian,Eurasia,,,352
v_saasaaa1240,Sa'a,Austronesian,Papunesia,-9.602580000000001,161.467,138
v_sakatasaka1287,Sakata,Atlantic-Congo,Africa,-2.85653,17.9669,120
v_sakesake1247,Sake,Atlantic-Congo,Africa,0.25188000000000005,11.786999999999999,22
v_samoansamo1305,Samoan,Austronesian,Papunesia,-13.92,-171.83,196
v_sanapanasana1298,Sanapaná,,South America,-22.49,-58.379999999999995,568
v_sangosang1331,Sanga (Democratic Republic of Congo),Atlantic-Congo,Africa,-10.0236,26.8462,91
v_sangusang1333,Sangu (Gabon),Atlantic-Congo,Africa,-1.52694,11.9098,14
v_sangutanzaniasang1330,Sangu (Tanzania),Atlantic-Congo,Africa,-8.4,33.9,158
v_sansalvadorkongosans1272,Cimbala-Cizali,Atlantic-Congo,Africa,-5.33539,13.3587,192
v_sanskritsans1269,Sanskrit,Indo-European,Eurasia,20,77,472
v_sardiniansard1257,Sardinian,Indo-European,,,,208
v_saterfriesischsate1242,Ems-Weser Frisian,Indo-European,Eurasia,53.117,7.721,234
v_sekiseki1238,Seki,Atlantic-Congo,Africa,1.5230199999999998,9.79206,22
v_selknamonaa1245,Selk'nam,,South America,-54,-68.5,186
v_selkupselk1253,Selkup,Uralic,Eurasia,59.9409,82.3004,144
v_serbocroationsout1528,Serbian-Croatian-Bosnian,Indo-European,Eurasia,44.15,18.810000000000002,580
v_serbsserb1264,Serbian Standard,Indo-European,Eurasia,44.3238,21.9192,196
v_seriseri1257,Seri,,North America,28.987699999999997,-112.384,290
v_serranoserr1255,Serrano,Uto-Aztecan,North America,33.9479,-116.77199999999999,234
v_shastashas1239,Shasta,,North America,41.758700000000005,-122.738,197
v_shipiboship1254,Shipibo-Conibo,Pano-Tacanan,South America,-7.17105,-74.8219,289
v_shishii1238,Shi,Atlantic-Congo,Africa,-2.55777,28.6122,180
v_shonashon1251,Shona,Atlantic-Congo,Africa,-17.208489999999998,29.757250000000003,10
v_shoshonishos1248,Shoshoni,Uto-Aztecan,North America,41,-116,58
v_sindhisind1272,Sindhi,Indo-European,Eurasia,26,69,544
v_sinhalasinh1246,Sinhala,Indo-European,Eurasia,8,81,490
v_sionsion1247,Siona-Tetete,,South America,0.31733,-76.02369999999999,274
v_sirasira1266,Sira,Atlantic-Congo,Africa,-1.78084,10.463500000000002,14
v_slovakianslov1269,Slovak,Indo-European,Eurasia,48.545705000000005,18.784789999999997,452
v_slovenianslov1268,Slovenian,Indo-European,Eurasia,46.2543,14.7766,182
v_sogasoga1242,Soga,Atlantic-Congo,Africa,0.40456000000000003,33.3942,302
v_songoorasong1300,Songoora,Atlantic-Congo,Africa,-2.21871,26.3477,105
v_southeasterntepehuanosout2976,Southeastern Tepehuan,Uto-Aztecan,North America,23.1584,-103.983,374
v_southerncoastaltsimshiannucl1649,Southern-Coastal Tsimshian,,North America,52.59103,-128.54454499999997,184
v_southernpaiutesout2969,Southern Paiute,Uto-Aztecan,North America,37,-114,72
v_southerntepehuansout2975,Southern Tepehuan,Uto-Aztecan,,,,33
v_southerntepehuanwsout2977,Southwestern Tepehuan,Uto-Aztecan,North America,23.2553,-104.68799999999999,6
v_southernuteutee1244,Ute,Uto-Aztecan,North America,38,-109,91
v_southmarquesansout2866,South Marquesan,Austronesian,Papunesia,-9.756630000000001,-138.97899999999998,122
v_standardcatalanstan1289,Catalan,Indo-European,Eurasia,41.452999999999996,1.569,316
v_standardenglishstan1293,English,Indo-European,Eurasia,53,-1,216
v_standardfrenchstan1290,French,Indo-European,Eurasia,48,2,228
v_standardgermanstan1295,German,Indo-European,Eurasia,48.649,12.467600000000001,434
v_standardspanishstan1288,Spanish,Indo-European,Eurasia,40.441399999999994,-1.11788,220
v_sukumasuku1261,Sukuma,Atlantic-Congo,Africa,-3.16082,32.8765,96
v_sukusuku1259,Suku,Atlantic-Congo,Africa,-5.764949999999999,17.7736,336
v_sumbwasumb1240,Sumbwa,Atlantic-Congo,Africa,-3.47335,31.945699999999995,72
v_suundisuun1239,Suundi,Atlantic-Congo,Africa,-4.584879999999999,13.3212,106
v_swedishswed1254,Swedish,Indo-European,Eurasia,59.800633999999995,17.389525999999996,522
v_taabwashil1264,Shila,Atlantic-Congo,Africa,,,121
v_tahitianstahi1242,Tahitian,Austronesian,Papunesia,-17.6485,-149.45000000000002,165
v_tajiktaji1245,Tajik,Indo-European,Eurasia,38.8213,68.5549,94
v_tamiltami1289,Tamil,Dravidian,Eurasia,10.520218999999999,78.82598899999999,456
v_tanalatana1285,Tanala,Austronesian,Africa,,,360
v_tarahumaracent2131,Central Tarahumara,Uto-Aztecan,North America,27.5648,-107.154,292
v_tehuelchetehu1242,Tehuelche,,South America,-47.5796,-68.3235,278
v_telugutelu1262,Telugu,Dravidian,Eurasia,16.4529,78.7024,718
v_temitemi1247,Temi,Atlantic-Congo,Africa,-2.1930300000000003,35.8035,34
v_tetelatete1250,Tetela,Atlantic-Congo,Africa,-4.29314,24.546,192
v_tikopiatiko1237,Tikopia,Austronesian,Papunesia,-12.2766,168.82200000000003,195
v_tivtivv1240,Tiv,Atlantic-Congo,Africa,6.88039,9.26287,186
v_tlingittlin1245,Tlingit,,North America,59.4447,-135.29,102
v_tobatoba1269,Toba,,South America,-23.77,-61.96,504
v_todatoda1252,Toda,Dravidian,Eurasia,11.4184,77.0168,392
v_tohonooodhamtoho1245,Tohono O'odham,Uto-Aztecan,North America,31.7973,-111.995,49
v_tokelautoke1240,Tokelau,Austronesian,Papunesia,-9.227642,-171.780833,210
v_tokharianatokh1242,Tokharian A,Indo-European,Eurasia,42.98,89.17999999999999,24
v_tokharianbtokh1243,Tokharian B,Indo-European,Eurasia,41.65,82.9,30
v_tolowatolo1259,Tolowa-Chetco,,North America,41.9192,-124.1,140
v_tongantong1325,Tonga (Tonga Islands),Austronesian,Papunesia,-21.17,-175.25,307
v_tonganyasatong1321,Tonga (Nyasa),Atlantic-Congo,Africa,-12.0816,34.0613,151
v_tongarevanspenr1237,Māngarongaro,Austronesian,Papunesia,-9.082238,-157.92290800000004,176
v_toorotoor1238,Tooro,Atlantic-Congo,Africa,0.57291,30.638900000000003,184
v_trinitariotrin1274,Trinitario,Arawakan,South America,-15.3331,-65.40960000000001,76
v_trumaitrum1247,Trumai,,South America,-11.8119,-53.5717,88
v_tsaangitsaa1242,Tsaangi,Atlantic-Congo,Africa,-2.2924499999999997,12.758099999999999,7
v_tsafikicolo1249,Colombian Sign Language,,South America,5.33532,-75.44640000000001,78
v_tsogotsog1243,Tsogo,Atlantic-Congo,Africa,-1.55469,11.1359,62
v_tsongatson1249,Tsonga,Atlantic-Congo,Africa,-23.5754,31.8105,186
v_tswanatswa1253,Tswana,Atlantic-Congo,Africa,-24.368,24.758699999999997,183
v_tubartuba1279,Tubar,Uto-Aztecan,North America,30,-111,21
v_tubatulabaltuba1278,Tübatulabal,Uto-Aztecan,North America,35.327,-117.163,32
v_tucanotuca1252,Tucano,,South America,0.5797550000000001,-69.57629999999999,178
v_tumpishashoshonipana1305,Panamint,Uto-Aztecan,North America,36.0007,-117.90100000000001,192
v_tundranenetsnene1249,Tundra Nenets,Uralic,Eurasia,66.1775,71.0234,278
v_tupinambatupi1273,Tupinambá,Tupian,South America,-22.807778000000003,-42.106389,216
v_tuyucatuyu1244,Tuyuca,,South America,0.39441000000000004,-70.04351500000001,284
v_tzeltaltzel1254,Tzeltal,,North America,16.6384,-92.2786,259
v_udmurtudmu1245,Udmurt,Uralic,Eurasia,56.12921000000001,52.63548,180
v_ukrainianukra1253,Ukrainian,Indo-European,Eurasia,49.79600000000001,29.944999999999997,878
v_ulawaulaw1237,Ulawa,Austronesian,Papunesia,,,186
v_umbunduumbu1257,Umbundu,Atlantic-Congo,Africa,-12.4763,14.4148,228
v_umpilaumpi1239,Umpila,Pama-Nyungan,Australia,-13.152800000000001,143.467,170
v_urduurdu1245,Urdu,Indo-European,Eurasia,25,67,600
v_vendavend1245,Venda,Atlantic-Congo,Africa,-22.188,29.952299999999997,120
v_vepsveps1250,Veps,Uralic,Eurasia,60.335300000000004,34.786500000000004,94
v_vilivili1238,Vili,Atlantic-Congo,Africa,-4.0671599999999994,11.380400000000002,7
v_vlaxromanivlax1238,Vlax Romani,Indo-European,Eurasia,46.09,18.16,102
v_wailakiwail1244,Eel River Athabaskan,,North America,39.1513,-123.284,154
v_waiwaiwaiw1244,Waiwai,Cariban,South America,1.50881,-59.1417,168
v_wajarriwaja1257,Wajarri,Pama-Nyungan,Australia,-28.1761,117.15299999999999,112
v_wakayawaga1260,Wagaya,Pama-Nyungan,Australia,-20.329,137.623,310
v_wallonwall1255,Walloon,Indo-European,Eurasia,50.22350000000001,5.14509,172
v_wangkangurruwang1290,Wangganguru,Pama-Nyungan,Australia,-25.814800000000005,135.941,242
v_wangkumarawong1246,Wangkumara,Pama-Nyungan,Australia,,,142
v_waoraniwaor1240,Waorani,,South America,-1.12312,-76.68299999999999,260
v_wapishanawapi1253,Wapishana,Arawakan,South America,2.58744,-59.8021,194
v_wappowapp1239,Wappo,,North America,38.25,-122.5,106
v_wariwari1268,Wari',,South America,-10.699480000000001,-64.56152000000002,8
v_warlmanpawarl1255,Warlmanpa,Pama-Nyungan,Australia,-18.948999999999998,133.86200000000002,200
v_warlpiriwarl1254,Warlpiri,Pama-Nyungan,Australia,-20.100800000000003,131.05,669
v_warnmanwanm1242,Wanman,Pama-Nyungan,Australia,-22.707800000000002,122.32499999999999,202
v_waropenwaro1242,Waropen,Austronesian,Papunesia,-2.3114199999999996,136.63299999999998,110
v_warumunguwaru1265,Warumungu,Pama-Nyungan,Australia,-20.647900000000003,134.375,342
v_warunguwaru1264,Warrongo,Pama-Nyungan,Australia,-18.249599999999997,144.37,195
v_waurawaur1244,Waurá,Arawakan,South America,-13.296,-53.697100000000006,216
v_wayuuwayu1243,Wayuu,Arawakan,South America,11.395566000000002,-72.19979099999999,188
v_westernapachewest2615,Western Apache,,North America,33.85739999999999,-110.12299999999999,218
v_westernarmenianhoms1234,Western Armenian,Indo-European,Eurasia,40.1897,44.4839,308
v_westernfarsiwest2369,Western Farsi,Indo-European,Eurasia,32.9,53.3,244
v_westernpanjabiwest2386,Western Panjabi,Indo-European,Eurasia,30.094800000000003,75.34740000000001,488
v_westernshoshoniwest2622,Western Shoshoni,Uto-Aztecan,North America,,,18
v_whitemesauteutee1244b,Ute,Uto-Aztecan,North America,38,-109,29
v_wichiwich1264,Wichí Lhamtés Güisnay,,South America,-23.1633,-62.175700000000006,74
v_wikmungkanwikm1247,Wik-Mungkan,Pama-Nyungan,Australia,-13.98051,141.81611,189
v_wiradjuriwira1262,Wiradhuri,Pama-Nyungan,Australia,-34.0742,145.994,666
v_wiranguwira1265,Wirangu,Pama-Nyungan,Australia,-32,134,568
v_wiyotwiyo1248,Wiyot,Algic,North America,39.2492,-122.952,202
v_woiwurrungwoiw1237,Woiwurrung-Thagungwurrung,Pama-Nyungan,Australia,-37.64264501,145.58799620000002,82
v_wulguruwulg1239,Wulguru,Pama-Nyungan,Australia,-19.851031210000002,146.34539569999998,479
v_wuvuluauawuvu1239,Wuvulu-Aua,Austronesian,Papunesia,-1.73938,142.85100000000003,184
v_yakacaryaka1272,Yaka (Central African Republic),Atlantic-Congo,Africa,3.6515,17.2713,230
v_yakapelendelonzoyaka1269,Yaka-Pelende-Lonzo,Atlantic-Congo,Africa,-6.939640000000002,16.996499999999997,182
v_yalarnngayala1262,Yalarnnga,Pama-Nyungan,Australia,-21.731,139.511,371
v_yamanayama1264,Yámana,,South America,-55.2748,-68.26480000000001,186
v_yamitaoyami1254,Yami,Austronesian,Papunesia,22.055,121.54400000000001,146
v_yandruwandhayand1253,Yandruwandha,Pama-Nyungan,Australia,-28.4744,140.583,291
v_yanomamiyano1262,Yanomám,,South America,2.48999,-62.852199999999996,64
v_yansiyans1239,Yansi,Atlantic-Congo,Africa,-3.8231,18.2341,97
v_yanyuwayany1243,Yanyuwa,Pama-Nyungan,Australia,-15.7621,136.055,302
v_yaoyaoo1241,Yao,Atlantic-Congo,Africa,-13.611899999999999,35.23870000000001,8
v_yaquiyaqu1251,Yaqui,Uto-Aztecan,North America,29.944599999999998,-110.681,94
v_yarluyandingam1265,Ngamini-Yarluyandi-Karangura,Pama-Nyungan,Australia,-27.1797,138.701,229
v_yaviteroyavi1244,Yavitero,Arawakan,South America,2.800281,-68.08421900000002,150
v_yerukulayeru1240,Yerukula,Dravidian,Eurasia,17.3702,81.9748,72
v_yidinyyidi1250,Yidiñ,Pama-Nyungan,Australia,-17.133200000000002,145.876,194
v_yindjibarndiyind1247,Yindjibarndi,Pama-Nyungan,Australia,-21.537900000000004,117.001,330
v_yombeyomb1244,Yombe,Atlantic-Congo,Africa,-4.86227,12.636199999999999,170
v_yortayortayort1237,Yorta Yorta,Pama-Nyungan,Australia,-35.9,145.01,200
v_yucatecmayayuca1254,Yucatec Maya,,North America,18.775699999999997,-88.9567,147
v_yugambehyugu1249,Yugumbir,Pama-Nyungan,Australia,,,430
v_yukiyuki1243,Northern Yukian,,North America,39.8389,-123.296,104
v_yulparijayulp1239,Yulparija,Pama-Nyungan,Australia,-18.923518999999995,122.37031599999999,216
v_yurokyuro1248,Yurok,Algic,North America,41.3262,-123.824,158
v_yuwaalaraaygami1243,Yuwaalaraay-Gamilaraay,Pama-Nyungan,Australia,-29.903699999999997,149.54299999999998,364
v_zigulazigu1242,Zigula,Atlantic-Congo,Africa,-5.61864,38.41139999999999,146
v_zinzazinz1238,Zinza,Atlantic-Congo,Africa,-2.6413200000000003,32.17550000000001,86
v_zuluzulu1248,Zulu,Atlantic-Congo,Africa,-28.9,30.2,191
v_zunizuni1245,Zuni,,North America,35.0056,-108.782,168
v_achuarachu1249,Achuar,Chicham,South America,-2.8299999999999996,-77.26,82
v_northernojibwanort2961,Northern Ojibwa,Algic,North America,51.620000000000005,-87.79,164
v_hunzahunz1248,Hunza,Isolate,Eurasia,36.220000000000006,74.82,255
v_ottowaojibwaotta1242,Ottowa Ojibwa,Algic,North America,44.6,-83.23,416
v_ngaatjatjarrangaa1240,Ngaatjatjarra,Pama-Nyungan,Australia,-25.75,127.6,119
v_kumaonikuma1273,Kumaoni,Indo-European,Eurasia,29.56,80.02,437
v_keikeii1239,Kei,Austronesian,Papunesia,-5.64,133.02,40
v_yamdenayamd1240,Yamdena,Austronesian,Papunesia,-7.74,131.44,36
v_fordataford1242,Fordata,Austronesian,Papunesia,-7.29,131.51,41
v_kungjuho1239,"!Kung, Southeastern Ju, or Ju'hoan",Kxa,Africa,-19.69,20.77,138
v_copp1244,Copper Inuit,Eskimo-Aleut,North America,,,164
v_nort2944,Nunamiut,Eskimo-Aleut,North America,,,230
v_nets1241,Netsilik,Eskimo-Aleut,North America,,,197
p_abuiabui1241,Abui,,Papunesia,-8.310580000000002,124.588,173
p_achineseachi1257,Acehnese,Austronesian,Papunesia,3.90757,96.6032,94
p_adangadan1251,Adang,,Papunesia,-8.189580000000001,124.44800000000001,167
p_aklanonakla1241,Aklanon,Austronesian,Papunesia,11.5543,122.354,301
p_alanganalan1249,Alangan,Austronesian,Papunesia,13.098199999999999,121.02199999999999,188
p_ampibabolaujeampi1237,Ampibabo,Austronesian,Papunesia,,,256
p_anejomanei1239,Aneityum,Austronesian,Papunesia,-20.1864,169.82500000000002,189
p_aniwaaniw1237,Aniwa,Austronesian,Papunesia,,,151
p_anutaanut1237,Anuta,Austronesian,Papunesia,-11.61,169.85000000000002,215
p_arabanaarab1267a,Arabana,Pama-Nyungan,Australia,-28.705,135.44899999999998,101
p_arakiarak1252,Araki,Austronesian,Papunesia,-15.632997,166.95254200000002,180
p_arearearea1240,'Are'are,Austronesian,Papunesia,-9.20699,161.15800000000002,168
p_ariamoukariamouk1240a,Mouk,Austronesian,Papunesia,,,122
p_arosiaros1241,Arosi,Austronesian,Papunesia,-10.244099999999998,161.43200000000002,74
p_aseraaser1237,Asera,Austronesian,Papunesia,,,50
p_asfauslanaust1271,Auslan,,Australia,-30,145,746
p_atchinatch1238,Atchin,Austronesian,Papunesia,,,169
p_atoniuabmetouabm1237,Uab Meto,Austronesian,Papunesia,-9.77284,124.144,144
p_attaatta1244,Atta,Austronesian,,,,154
p_avatimeavat1244,Avatime,Atlantic-Congo,Africa,6.868799999999999,0.41314,48
p_avavabangasadialectkatb1237,Avava,Austronesian,Papunesia,-16.2701,167.484,102
p_avavakatb1237a,Avava,Austronesian,Papunesia,-16.2701,167.484,56
p_avavaniviardialectkatb1237b,Avava,Austronesian,Papunesia,-16.2701,167.484,102
p_ayiwoayiw1239,Äiwoo,Austronesian,Papunesia,-10.282595,166.32871500000002,171
p_bacanesemalaybacanbaca1243,Bacanese Malay,Austronesian,Papunesia,-0.62275,127.49000000000001,108
p_bahonsuaibaho1237,Bahonsuai,Austronesian,Papunesia,-2.2257200000000004,121.70700000000001,50
p_balaesangbala1314,Balaesang,Austronesian,Papunesia,-0.05644,119.689,73
p_balangaobala1310,Balangao,Austronesian,Papunesia,17.0994,121.27199999999999,226
p_balinesebali1278,Balinese,Austronesian,Papunesia,-8.357140000000001,115.07499999999999,162
p_banjarbanj1239,Banjar,Austronesian,Papunesia,0.747105,115.79,250
p_barabethanohano1246a,Hano,Austronesian,Papunesia,-15.543199999999999,168.167,144
p_bardibard1254,Bardic,,,,,110
p_bariokelabitbari1288,Bario,Austronesian,Papunesia,,,242
p_barokkarubaro1253,Barok,Austronesian,Papunesia,-3.47672,152.19299999999998,68
p_bataktobabata1289,Batak Toba,Austronesian,Papunesia,2.35498,99.17609999999999,115
p_baujagoibidayuhbaub1235,Bau-Jagoi Bidayuh,Austronesian,Papunesia,1.54467,109.985,24
p_biakbiak1248,Biak,Austronesian,Papunesia,-0.9523,135.879,140
p_bierebobier1244,Bierebo,Austronesian,Papunesia,-16.6663,168.154,51
p_bignambasbign1238,Big Nambas,Austronesian,Papunesia,-16.0903,167.23899999999998,94
p_bignambasbign1238a,Big Nambas,Austronesian,Papunesia,-16.0903,167.23899999999998,91
p_bilibilbilb1241,Bilibil,Austronesian,Papunesia,-5.26505,145.76399999999998,233
p_bininjkunwokgunw1252,Bininj Kun-Wok,,Australia,-12.3398,133.35800000000003,139
p_binukidtalaandigbinukidbinu1244,Talaandig-Binukid,Austronesian,Papunesia,8.15933,124.892,351
p_blagarblag1240,Blagar,,Papunesia,-8.31787,124.251,151
p_boanosulawesiboan1243,Boano (Sulawesi),Austronesian,Papunesia,0.51152,120.992,153
p_bontokbont1247,Bontok,Austronesian,Papunesia,17.093860000000003,121.02662000000001,202
p_brookespointpalawanobroo1239,Brooke's Point Palawano,Austronesian,Papunesia,8.838909999999998,117.871,142
p_bruneisabahmalaymalaysaba1263,Brunei-Sabah Malay,Austronesian,Papunesia,4.648079999999999,117.024,193
p_buhidbuhi1245,Buhid,Austronesian,Papunesia,12.6396,121.21000000000001,168
p_buinbuin1247,Buin,,,,,197
p_bukatbuka1261,Bukat,Austronesian,Papunesia,1.29075,113.24600000000001,162
p_bulibuli1256,Buli,Austronesian,Papunesia,,,114
p_bunganditjbung1264,Bunganditj,Pama-Nyungan,Australia,-36.5,140.5,301
p_bungkubung1269,Bungku,Austronesian,Papunesia,-3.2219700000000002,122.212,146
p_buruindonesiaburu1303,Buru (Indonesia),Austronesian,Papunesia,-3.43957,126.63199999999999,81
p_butmasturbutm1237,Farafi,Austronesian,Papunesia,-15.3353,167.034,86
p_casigurandumagatagtacasi1235,Casiguran-Nagtipunan Agta,Austronesian,Papunesia,16.2176,121.87799999999999,162
p_cebuanocebu1242,Cebuano,Austronesian,Papunesia,8.38799,124.367,266
p_centralcagayanagtacent2084,Central Cagayan Agta,Austronesian,Papunesia,17.9571,121.857,168
p_centralmelanaucent2101,Central Melanau,Austronesian,Papunesia,2.524086,111.346451,167
p_centralsamacent2092,Central Sama,Austronesian,Papunesia,7.004573999999999,118.45597799999999,156
p_centralsubanensubanungcent2089,Central Subanen,Austronesian,Papunesia,8.127009999999999,123.018,37
p_centraltagbanwacent2090,Central Tagbanwa,Austronesian,Papunesia,10.6519,119.338,220
p_chamarrocham1312,Chamorro,Austronesian,Papunesia,13.438010999999998,144.74473999999998,162
p_chavacanochav1241,Chavacano,Indo-European,Papunesia,7.435034,122.18848999999999,166
p_chekeholochek1238,Cheke Holo,Austronesian,Papunesia,-8.27055,159.625,103
p_chepangchep1245,Chepang,Sino-Tibetan,Eurasia,27.720599999999997,84.9017,139
p_chuukesetrukesechuu1238,Chuukese,Austronesian,Papunesia,7.346993,151.59860700000002,157
p_cotabatomanobocota1241,Cotabato Manobo,Austronesian,Papunesia,6.394169999999999,124.23400000000001,154
p_daakieport1286,Daakie,Austronesian,Papunesia,-16.3083,168.046,80
p_dakakadaka1243,Dakaka,Austronesian,Papunesia,-16.269599999999997,168.01299999999998,153
p_dalabonngal1292,Ngalkbun,,Australia,-13.978299999999999,133.936,146
p_dampelasdamp1237,Dampelas,Austronesian,Papunesia,0.70234,120.21900000000001,284
p_dehongdeho1238,Dehong,Tai-Kadai,Eurasia,,,105
p_dehudehu1237,Dehu,Austronesian,Papunesia,-20.8892,167.22899999999998,44
p_dharumbaldhar1248a,Dharumbal,Pama-Nyungan,Australia,-23.307000000000002,150.593,104
p_dhuwaldhuwalayolngudhuw1248,Dhuwal-Dhuwala,Pama-Nyungan,,,,175
p_diyaridier1241a,Dieri,Pama-Nyungan,Australia,-28.1667,138,160
p_djapudhuw1249,Dhuwal,Pama-Nyungan,Australia,-12.7825,136.008,143
p_djinangdjin1253a,Djinang,Pama-Nyungan,Australia,-12.462000000000002,134.82000000000002,136
p_dobudobu1241,Dobu,Austronesian,Papunesia,-9.63239,150.82500000000002,117
p_dondodond1249,Dondo,Austronesian,Papunesia,0.80348,120.70700000000001,328
p_dunaduna1248,Duna,,Papunesia,-5.41439,142.475,162
p_dupaninganagatdupa1235,Dupaninan Agta,Austronesian,Papunesia,17.374800000000004,122.18799999999999,134
p_duungidjawuduun1241,Duungidjawu,Pama-Nyungan,Australia,,,81
p_dzonghkalhopdzon1239,Dzongkha,Sino-Tibetan,Eurasia,27.410785999999998,89.58160400000001,109
p_dzonghkashadzon1239,Dzongkha,Sino-Tibetan,Eurasia,27.410785999999998,89.58160400000001,114
p_dzonghkawangwang1287,Wang-The,Sino-Tibetan,Eurasia,,,134
p_eastambaelolovolieast2443,East Ambae,Austronesian,Papunesia,-15.352300000000001,167.89000000000001,48
p_eastfutunaeast2447,East Futuna,Austronesian,Papunesia,-14.278716999999999,-178.137222,172
p_eastkaveeast2516,East Kewa,Nuclear Trans New Guinea,Papunesia,-6.32989,143.931,103
p_emaemaeemae1237,Emae,Austronesian,Papunesia,-17.052,168.399,21
p_emauemaoislandemau1237,Emau,Austronesian,Papunesia,,,143
p_endepapuanewguineaende1235,Ende (Papua New Guinea),,Papunesia,-8.957786000000002,142.24079899999998,181
p_englishstan1293,English,Indo-European,Eurasia,53,-1,154
p_fijianfiji1243,Fijian,Austronesian,Papunesia,-18,178.33,232
p_fortsenalkiaifort1240,Kiai,Austronesian,Papunesia,-15.4484,166.931,128
p_futunaaniwafutu1245,Futuna-Aniwa,Austronesian,Papunesia,-19.5303,170.21499999999997,124
p_gadanggada1258,Ga'dang,Austronesian,Papunesia,17.2238,121.455,176
p_ganegimangane1237,Gane,Austronesian,Papunesia,-0.42618000000000006,127.976,128
p_ganggalidagang1267,Ganggalida,,Australia,-17.5446,139.42600000000002,114
p_gayogayo1244,Gayo,Austronesian,Papunesia,4.3733,97.3456,99
p_gelagela1263,Gela,Austronesian,Papunesia,-9.045869999999999,160.186,114
p_germanstan1295,German,Indo-European,Eurasia,48.649,12.467600000000001,154
p_guigwigwii1239,/Gwi,,Africa,-22.2708,21.943099999999998,217
p_guuguyimidhirrgugu1255a,Guugu Yimidhirr,Pama-Nyungan,Australia,-14.942400000000001,144.83100000000002,118
p_hanunoohanu1241,Hanunoo,Austronesian,Papunesia,12.4159,121.221,158
p_hawaiihawa1245,Hawaiian,Austronesian,Papunesia,19.6297,-155.43,154
p_hiligaynonhili1240,Hiligaynon,Austronesian,Papunesia,10.4018,122.974,162
p_hiwhiww1237,Hiw,Austronesian,Papunesia,-13.126366999999998,166.584857,54
p_ibaloinabaloiibal1244,Ibaloi,Austronesian,Papunesia,16.426299999999998,120.695,162
p_ibanagiban1267,Ibanag,Austronesian,Papunesia,17.420099999999998,121.891,186
p_ibaniban1264,Iban,Austronesian,Papunesia,2.09041,112.93400000000001,162
p_idaanidaa1241,Ida'an,Austronesian,Papunesia,5.29059,118.515,160
p_idinucl1597,Idi,,Papunesia,-8.75976,142.30100000000002,111
p_ifugawifugaoifug1247,Ifugaw,Austronesian,,,,97
p_iliuuniliu1237,Ili'uun,Austronesian,Papunesia,-7.84385,125.902,212
p_ilokanoilok1237,Iloko,Austronesian,Papunesia,15.9361,120.99300000000001,253
p_inanwatansuaboinan1242,Inanwatan,,,,,147
p_indonesianbajauindo1317,Indonesian Bajau,Austronesian,Papunesia,-3.6866399999999997,122.253,170
p_indonesianindo1316,Indonesian,Austronesian,Papunesia,-7.334579999999999,109.71600000000001,162
p_irayairay1237,Iraya,Austronesian,Papunesia,13.381,120.64999999999999,160
p_isnagisna1241,Isnag,Austronesian,Papunesia,18.213900000000002,121.16,174
p_itbayativat1242,Itbayat,Austronesian,Papunesia,20.77,121.85,186
p_itnegbinonganbino1237,Binongan Itneg,Austronesian,Papunesia,17.5972,120.87599999999999,122
p_jahaijehaijeha1242,Jehai,Austroasiatic,Eurasia,5.63695,101.54100000000001,52
p_javanesejava1254,Javanese,Austronesian,Papunesia,-7.001,109.287,242
p_jinghpawjing1260,Jingpho,Sino-Tibetan,,,,28
p_jinguludjin1251,Jingulu,,Australia,-17.165,133.659,131
p_kadaikada1286,Kadai,Austronesian,Papunesia,-1.7454699999999999,125.142,64
p_kalalagawyakala1377,Kala Lagaw Ya,Pama-Nyungan,Australia,-10.6748,142.196,182
p_kalamangkara1499,Kalamang,,Papunesia,-3.47037,132.678,154
p_kalamkala1397,Kalam,Nuclear Trans New Guinea,Papunesia,-5.25216,144.585,158
p_kalingaahinkayapakalanguyaahin1234,Ahin-Kayapa Kalanguya,Austronesian,Papunesia,16.321,120.90003,152
p_kamangkama1365,Kamang,,Papunesia,-8.268969999999998,124.792,140
p_kamberakamb1299,Kambera,Austronesian,Papunesia,-9.88447,120.235,162
p_kankanaeykankanaikank1243,Kankanaey,Austronesian,Papunesia,16.854800000000004,120.689,154
p_kanumkanu1280,Kanum,,,,,6
p_kapingamarangikapi1249a,Kapingamarangi,Austronesian,Papunesia,1.0391659999999998,154.797223,210
p_kashayakash1280,Kashaya,,North America,38.5424,-123.08,114
p_kayardildkaya1318,Kayardild-Yangkaal,,,,,147
p_khalkhamongolianmong1331,Mongolian,,Eurasia,,,118
p_kilivilakili1267,Kilivila,Austronesian,Papunesia,-8.72574,151.072,96
p_kiputkipu1237,Kiput,Austronesian,Papunesia,4.165349999999999,114.367,148
p_kiramankira1248,Kiramang,,Papunesia,,,95
p_kodeohakode1237,Kodeoha,Austronesian,Papunesia,-3.3956599999999995,120.93700000000001,50
p_kogicogu1240,Cogui,,South America,10.9485,-73.8043,78
p_kombakomb1273,Komba,Nuclear Trans New Guinea,Papunesia,-6.16163,147.28,161
p_komnzokomn1238,Kómnjo,,Papunesia,,,242
p_konawekona1243,Konawe,Austronesian,Papunesia,,,50
p_koronikoro1311,Koroni,Austronesian,Papunesia,-2.6367,121.977,50
p_kristangmalaccacreoleportugesemala1533,Malacca-Batavia Portuguese Creole,Indo-European,Eurasia,2.1880870000000003,102.26205900000001,203
p_kuanuakuan1248,Kuanua,Austronesian,Papunesia,-4.3098600000000005,152.11399999999998,162
p_kukuyalanjikuku1273,Kuku-Yalanji,Pama-Nyungan,Australia,-16.0036,145.18800000000002,192
p_kulisusukuli1254,Kulisusu,Austronesian,Papunesia,-4.584109999999999,123.045,130
p_kunjenkunj1248,Southwestern Alaya-Athima,Pama-Nyungan,,,,63
p_kuotkuot1243,Kuot,,Papunesia,-3.0695200000000002,151.537,112
p_kuukuyaukuuk1238,Kuuku-Ya'u,Pama-Nyungan,Australia,-12.4947,143.165,93
p_kwaiokwai1243,Kwaio,Austronesian,Papunesia,-8.93744,160.965,162
p_kwamerakwam1252,Kwamera,Austronesian,Papunesia,-19.595399999999998,169.442,159
p_kwomakwom1262,Kwoma,,Papunesia,-4.08721,142.664,126
p_kyakakyak1244,Kyaka,Nuclear Trans New Guinea,Papunesia,-5.52462,144.11899999999997,525
p_laiwuilaiw1239,Laiwui,Austronesian,Papunesia,,,52
p_lalomeruilalo1239,Lalomerui,Austronesian,Papunesia,,,50
p_lamahalotlama1277,Lamaholot,Austronesian,Papunesia,-8.36439,122.803,26
p_lametinmere1242,Merei,Austronesian,Papunesia,-15.2839,166.905,8
p_lamogailamo1244,Lamogai,Austronesian,Papunesia,-5.87071,149.32100000000003,30
p_landeweland1259,Landawe,Austronesian,Papunesia,,,50
p_lardillard1243,Lardil,,Australia,-16.561519999999998,139.4343,163
p_larevatlare1249,Larevat,Austronesian,Papunesia,-16.197100000000002,167.38700000000003,93
p_latinlati1261a,Latin,Indo-European,Eurasia,41.9026,12.4502,156
p_laujelauj1238,Lauje,Austronesian,Papunesia,0.50708,120.262,284
p_laulauu1247,Lau,Austronesian,Papunesia,-8.51018,160.872,102
p_lavatburalamusongkonobinlava1239,Lavatbura-Lamusong,Austronesian,Papunesia,-3.21903,151.728,70
p_lelepalele1267,Lelepa,Austronesian,Papunesia,-17.604200000000002,168.202,294
p_lenakellena1238,Lenakel,Austronesian,Papunesia,-19.4763,169.261,134
p_letemboirepanbitiplete1241,Letemboi-Repanbitip,Austronesian,Papunesia,-16.4339,167.566,107
p_lewolewo1242,Lewo,Austronesian,Papunesia,-16.7612,168.334,33
p_limilnganlimi1242,Limilngan-Wulna,,,,,75
p_lisulisu1250a,Lisu,Sino-Tibetan,Eurasia,26.91,98.94000000000001,110
p_lisulisu1250b,Lisu,Sino-Tibetan,Eurasia,26.91,98.94000000000001,110
p_lisulisu1250c,Lisu,Sino-Tibetan,Eurasia,26.91,98.94000000000001,118
p_lisulisu1250d,Lisu,Sino-Tibetan,Eurasia,26.91,98.94000000000001,114
p_loniuloni1238,Loniu,Austronesian,Papunesia,-2.0612399999999997,147.35000000000002,98
p_lonwolwollonw1238,Lonwolwol,Austronesian,Papunesia,-16.228599999999997,168.016,93
p_lotogalohloto1240,Lo-Toga,Austronesian,Papunesia,-13.334871999999999,166.634338,163
p_luangiuaontongjavaonto1237,Luangiua,Austronesian,Papunesia,-5.490290000000001,159.701,210
p_luburuakaralubu1242,Luburua,Austronesian,Papunesia,,,75
p_maanyanmaan1238,Ma'anyan,Austronesian,Papunesia,-2.1239000000000003,115.092,168
p_mabaindonesiamaba1278,Maba (Indonesia),Austronesian,Papunesia,0.5901099999999999,128.418,122
p_madakkonnosmada1284,Madak linkage,Austronesian,,,,150
p_maduresenucl1460,Madurese,Austronesian,Papunesia,-7,113,162
p_mafeamaveamafe1237,Mafea,Austronesian,Papunesia,-15.4316,167.24099999999999,153
p_magammaga1262,Magam,Austronesian,Papunesia,,,98
p_maguindanaomagindonaomoromagu1243,Maguindanao,Austronesian,Papunesia,6.9453000000000005,124.509,320
p_maklewmakl1246,Maklew,,Papunesia,-7.7442400000000005,139.27299999999997,34
p_malganamalg1242a,Malgana,Pama-Nyungan,Australia,-26.211000000000002,114.245,40
p_malimali1284,Mali,,Papunesia,-4.718260000000001,152.21399999999997,50
p_maluabaymalu1245,Malua Bay,Austronesian,Papunesia,-15.9813,167.208,123
p_manammana1295,Manam,Austronesian,Papunesia,-4.079210000000001,145.033,127
p_manangemana1288,Manange,Sino-Tibetan,Eurasia,28.6416,84.0515,126
p_mangaiamang1402,Mangaia,Austronesian,Papunesia,,,112
p_mangarevamang1401,Mangareva,Austronesian,Papunesia,-23.1095,-134.97,127
p_mangeisobjomang1407,Mangei,Austronesian,Papunesia,,,76
p_manggaraimang1405,Manggarai,Austronesian,Papunesia,-8.557480000000002,120.329,114
p_maorimaor1246,Māori,Austronesian,Papunesia,-38.28810000000001,176.541,156
p_maragustapemara1399,Maragus,Austronesian,Papunesia,-16.069499999999998,167.33,73
p_maranaolanaomoromara1404,Maranao,Austronesian,Papunesia,7.79414,124.17499999999998,281
p_marindnucl1622,Marind,,Papunesia,-8.15651,140.009,168
p_marquesasmarq1246,Marquesan,Austronesian,,,,123
p_marshallesemars1254,Marshallese,Austronesian,Papunesia,8.719999999999999,167.73,96
p_maskelynesmask1242,Maskelynes,Austronesian,Papunesia,-16.5073,167.818,76
p_matukarmatu1261,Matukar,Austronesian,Papunesia,-4.9078,145.77899999999997,207
p_mblafembla1238,Mblafe,,Papunesia,,,12
p_mekeoeastmeke1243d,Mekeo,Austronesian,Papunesia,-8.238529999999999,146.586,9
p_mekeonorthmeke1243c,Mekeo,Austronesian,Papunesia,-8.238529999999999,146.586,9
p_mekeonorthwestmeke1243a,Mekeo,Austronesian,Papunesia,-8.238529999999999,146.586,9
p_mekeowestmeke1243b,Mekeo,Austronesian,Papunesia,-8.238529999999999,146.586,9
p_mekonggameko1237,Mekongga,Austronesian,Papunesia,,,54
p_melefilaifiramelemele1250,Mele-Fila,Austronesian,Papunesia,-17.6841,168.27499999999998,190
p_menuimenu1237,Menui,Austronesian,Papunesia,,,50
p_mereimere1242,Merei,Austronesian,Papunesia,-15.2839,166.905,22
p_meriammeri1244,Meriam,,Papunesia,-9.59575,143.77299999999997,218
p_merlavmerl1237,Merlav,Austronesian,Papunesia,-14.450679000000001,168.053527,105
p_meyahmeya1236,Meyah,,Papunesia,-1.18016,133.618,114
p_minangkabaumina1268,Minangkabau,Austronesian,Papunesia,-0.896,100.44000000000001,50
p_miningirlungamini1251,Minigir,Austronesian,Papunesia,-4.318029999999999,152.005,158
p_monoalumono1273,Mono-Alu,Austronesian,Papunesia,-7.05102,155.76,58
p_morgan1871amazuluamazulukafirzulu1248,Zulu,Atlantic-Congo,Africa,-28.9,30.2,117
p_morgan1871anahnelingrosventresofprairiegros1243,Gros Ventre,Algic,North America,48.483399999999996,-108.738,106
p_morgan1871arikaraarickareearik1262,Arikara,,North America,45,-100,98
p_morgan1871assiniboineasiniboineassi1247,Assiniboine,,North America,49.29230000000001,-106.068,106
p_morgan1871baffininuktituteskimonorthumberlandinletbaff1241,Baffin Inuktitut,,North America,,,108
p_morgan1871bengalibeng1280,Bengali,Indo-European,Eurasia,24,90,131
p_morgan1871bloodsiksikabloodblackfootbloo1239,Blood,Algic,North America,,,102
p_morgan1871burmeseburm1266,Burmish,Sino-Tibetan,,,,123
p_morgan1871canaresenucl1305,Kannada,Dravidian,Eurasia,13.5878,76.1198,107
p_morgan1871cayugacayu1261,Cayuga,,North America,42.41,-76.5969,106
p_morgan1871cherokeecher1273,Cherokee,,North America,35.4664,-83.163,106
p_morgan1871chibchanewgranadachib1270,Chibcha,,South America,6.24999,-74.1666,78
p_morgan1871chickasachic1270,Chickasaw,,North America,34,-88,107
p_morgan1871chinesesini1245,Sinitic,Sino-Tibetan,,,,115
p_morgan1871choctaw1choc1276,Choctaw,,North America,32.25,-88.5,107
p_morgan1871choctaw2choc1276,Choctaw,,North America,32.25,-88.5,107
p_morgan1871creekcree1270,Creek,,North America,31,-87.5,106
p_morgan1871creeofthelowlandscree1272,Cree,Algic,North America,,,106
p_morgan1871crowcrow1244,Crow,,North America,45.368,-107.874,106
p_morgan1871dakotablackfootlako1247,Lakota,,North America,46.3699,-103.95,106
p_morgan1871dakotabrulebrul1239,Brulé,,North America,,,106
p_morgan1871dakotaisauntiedako1258,Dakota,,North America,47.685700000000004,-102.11999999999999,106
p_morgan1871dakotaogalallalako1247,Lakota,,North America,46.3699,-103.95,106
p_morgan1871dakotasissetondako1258,Dakota,,North America,47.685700000000004,-102.11999999999999,106
p_morgan1871dakotauncpapalako1247,Lakota,,North America,46.3699,-103.95,106
p_morgan1871dakotayanktonaisdako1258,Dakota,,North America,47.685700000000004,-102.11999999999999,106
p_morgan1871dakotayanktondako1258,Dakota,,North America,47.685700000000004,-102.11999999999999,106
p_morgan1871delawarecomm1246,Common Delaware,Algic,North America,,,106
p_morgan1871etchemiuormalisetemale1293,Malecite,Algic,North America,,,110
p_morgan1871grandpawneepawn1254,Pawnee,,North America,36.2862,-96.8937,106
p_morgan1871gujaratiguja1252,Gujarati,Indo-European,Eurasia,22.687,71.09620000000001,115
p_morgan1871hareindiansortanatinnehare1243,Slaveyic,,,,,108
p_morgan1871hawaiianhawa1245,Hawaiian,Austronesian,Papunesia,19.6297,-155.43,109
p_morgan1871hindihind1269,Hindi,Indo-European,Eurasia,25,77,131
p_morgan1871iowaiowa1245,Iowa-Oto,,North America,40.0511,-95.5213,106
p_morgan1871japanesejapa1256,Japanesic,,,,,125
p_morgan1871kalaallisuteskimogreenlandkala1399,Kalaallisut,,North America,69.3761,-52.864,102
p_morgan1871karenkare1337,Karenic,Sino-Tibetan,,,,107
p_morgan1871karenpwodialectpwoo1239,Pwo,Sino-Tibetan,,,,107
p_morgan1871karensgaudialectsgaw1245,S'gaw Karen,Sino-Tibetan,Eurasia,17.987199999999998,97.71260000000001,107
p_morgan1871kaskaskiaalgo1255,Algonquin,Algic,North America,47.38759999999999,-77.52579999999999,108
p_morgan1871kawkans1243,Kansa,,North America,36.804399999999994,-96.8571,106
p_morgan1871kickapookikapookick1244,Kickapoo,Algic,North America,41.655145000000005,-89.03034,106
p_morgan1871kingsmillislandsgilb1244,Gilbertese,Austronesian,Papunesia,-1.34,176.44,101
p_morgan1871kootenaykute1249,Kutenai,,North America,48.7892,-115.065,68
p_morgan1871kusaienkosr1238,Kosraean,Austronesian,Papunesia,5.31,162.98000000000002,103
p_morgan1871kutchinorlouchieuxgwic1235,Gwich'in,,North America,67.4307,-142.963,103
p_morgan1871lagunawest2632,Western Keres,,North America,34.9733,-107.51700000000001,51
p_morgan1871mandanmand1446,Mandan,,North America,47.66310000000001,-102.37599999999999,88
p_morgan1871maorimaor1246,Māori,Austronesian,Papunesia,-38.28810000000001,176.541,78
p_morgan1871marathimara1378,Marathi,Indo-European,Eurasia,17.9344,76.6665,144
p_morgan1871menominemeno1252,Menominee,Algic,North America,44.9794,-88.6395,106
p_morgan1871miamimiam1252,Miami,Algic,North America,40,-90,105
p_morgan1871miemacmikm1235,Mi'kmaq,Algic,North America,45.9941,-65.5766,106
p_morgan1871minnitareehida1246,Hidatsa,,North America,47.7534,-102.52799999999999,106
p_morgan1871mohawkmoha1258,Mohawk,,North America,43.720000000000006,-74.66835999999999,106
p_morgan1871moheganmohe1244,Mohegan-Montauk-Narragansett,Algic,North America,41.8581,-72.17009999999999,106
p_morgan1871mountaincherokeecher1273,Cherokee,,North America,35.4664,-83.163,104
p_morgan1871munseemuns1251,Munsee,Algic,North America,42.5968,-81.91660000000002,106
p_morgan1871ojibwakansasojib1241,Ojibwa,Algic,,,,106
p_morgan1871ojibwalakehuronojib1241,Ojibwa,Algic,,,,106
p_morgan1871ojibwalakemichiganuppe1274,Upper Michigan-Wisconsin Chippewa,Algic,North America,,,102
p_morgan1871ojibwalakesuperiorojib1241,Ojibwa,Algic,,,,106
p_morgan1871okinakenokan1243,Okanagan,Salishan,North America,49.2745,-119.29400000000001,50
p_morgan1871omahaomah1247,Omaha-Ponca,,North America,42.0944,-96.5295,108
p_morgan1871oneidaonei1249,Oneida,,North America,43.438742000000005,-75.708106,106
p_morgan1871onondagaonon1246,Onondaga,,North America,42.92,-76.11999999999999,106
p_morgan1871osageosag1243,Osage,,North America,36.7828,-96.29490000000001,104
p_morgan1871otoeotoo1241,Oto,,North America,,,106
p_morgan1871ottawaotawaotta1242,Ottawa,Algic,North America,44.598800000000004,-83.226,106
p_morgan1871peoriapeor1238,Peoria,Algic,North America,,,108
p_morgan1871pianeshawmiam1252,Miami,Algic,North America,40,-90,108
p_morgan1871piegansiksikapieganblackfootpieg1239,Piegan,Algic,North America,,,106
p_morgan1871plainscreecreeoftheprairieplai1258,Plains Cree,Algic,North America,51.243700000000004,-110.46300000000001,106
p_morgan1871potawatomipotawattamiepota1247,Potawatomi,Algic,North America,40.955,-89.18809999999999,90
p_morgan1871punkaponc1241,Ponca,,North America,,,108
p_morgan1871redknifeortalsoteenadogr1252,Dogrib,,North America,62.3823,-114.193,106
p_morgan1871republicanpawneepawn1254,Pawnee,,North America,36.2862,-96.8937,106
p_morgan1871sawkandfoxmesk1242,Meskwaki,Algic,North America,44,-89,106
p_morgan1871senecasene1264,Seneca,,North America,42.56,-77.53,106
p_morgan1871shawneeshaw1249,Shawnee,Algic,North America,40,-83,106
p_morgan1871shiyanchey1247,Cheyenne,Algic,North America,45.53210000000001,-106.65899999999999,90
p_morgan1871slavelakeindiansorachaotinneslav1253,Slave,,North America,,,106
p_morgan1871spokanespok1245,Spokane,Salishan,North America,47.9087,-118.062,94
p_morgan1871tabascochontalchontaltabascotaba1266,Tabasco Chontal,,North America,18.171300000000002,-92.7367,42
p_morgan1871tamiltami1289,Tamil,Dravidian,Eurasia,10.520218999999999,78.82598899999999,136
p_morgan1871telugutelu1262,Telugu,Dravidian,Eurasia,16.4529,78.7024,108
p_morgan1871tesuquetesu1245,Tesuque,,North America,,,59
p_morgan1871tukuthegwic1235,Gwich'in,,North America,67.4307,-142.963,102
p_morgan1871tuscaroratusc1257,Tuscarora,,North America,43.130300000000005,-79.4214,106
p_morgan1871twomountainiroquioslaur1250,Laurentian,,North America,45.33,-72.5,104
p_morgan1871utahstabegwachesutes1238,Ute-Southern Paiute,Uto-Aztecan,North America,40.096500000000006,-110.30499999999999,60
p_morgan1871weawnucl1653,Nuclear Miami,Algic,North America,,,108
p_morgan1871westerncanadianinuktituteskimowestofhudsonsbaywest2618,Western Canadian Inuktitut,,North America,64.3486,-96.148,38
p_morgan1871winnebagoewinn1245,Winnebago-Chiwere,,,,,112
p_morgan1871woodscreecreeofthewoodswood1236,Woods Cree,Algic,North America,57,-99,106
p_morgan1871wyandotewyan1247,Huron-Wyandot,,North America,44.33,-77.5,106
p_morgan1871yakamayaki1237,Northwest Sahaptin,,North America,46.26550000000001,-120.756,97
p_moriatasmori1269,Mori Atas,Austronesian,Papunesia,-2.2555,121.035,50
p_moribawahmori1268,Mori Bawah,Austronesian,Papunesia,-2.56016,121.36999999999999,148
p_moronenemoro1287,Moronene,Austronesian,Papunesia,-4.623609999999999,121.824,148
p_mortlockesemort1237,Mortlockese,Austronesian,Papunesia,5.50735,153.71077799999998,116
p_motamota1237,Mota,Austronesian,Papunesia,-13.835360999999999,167.690924,144
p_motumotu1246,Motu,Austronesian,Papunesia,-9.674919999999998,147.424,114
p_moukmouk1240,Mouk,Austronesian,Papunesia,,,140
p_muduapavitumudu1242,Muduapa,Austronesian,Papunesia,-4.6975099999999985,149.489,102
p_munamuna1247,Muna,Austronesian,Papunesia,-5.40419,122.54100000000001,174
p_munggavarennellmung1271,Munggava,Austronesian,Papunesia,,,173
p_mungikibellonamung1270,Mungiki,Austronesian,Papunesia,,,36
p_murrinhpathamurr1258,Murriny Patha,,Australia,-14.748519999999997,129.70152,158
p_mussauemiramuss1246,Mussau-Emira,Austronesian,Papunesia,-1.44105,149.624,118
p_mwotlapmotl1237,Mwotlap,Austronesian,Papunesia,-13.655015,167.706277,180
p_nafsansout2856,South Efate,Austronesian,Papunesia,-17.700599999999998,168.377,110
p_nagenage1237,Nage,Austronesian,Papunesia,-8.70513,121.31,169
p_nahavaqsout2857,Nahavaq,Austronesian,Papunesia,-16.5116,167.477,102
p_nakanainaka1262,Nakanai,Austronesian,Papunesia,-5.59931,150.88800000000003,176
p_naliklukuramaunali1244,Nalik,Austronesian,Papunesia,-2.9441100000000002,151.33200000000002,112
p_nalikmadinanali1244b,Nalik,Austronesian,Papunesia,-2.9441100000000002,151.33200000000002,167
p_namakuranama1268,Namakura,Austronesian,Papunesia,-16.897900000000003,168.569,276
p_namakuranama1268b,Namakura,Austronesian,Papunesia,-16.897900000000003,168.569,37
p_namanama1266,Nama (Papua New Guinea),,Papunesia,-8.66403,141.706,174
p_namanlitz1237,Naman,Austronesian,Papunesia,-16.133100000000002,167.415,93
p_nambonamb1293,Nambo,,Papunesia,-8.745009999999999,141.931,117
p_nanggunang1262,Nanggu,Austronesian,Papunesia,-10.744099999999998,165.88700000000003,74
p_nehanneha1247,Nehan,Austronesian,Papunesia,-4.56875,154.2,157
p_nemeneme1244,Neme,,Papunesia,-8.448769999999998,141.849,80
p_nengoneneng1238,Nengone,Austronesian,Papunesia,-21.5305,167.964,125
p_nennenn1238,Nen,,Papunesia,-8.62183,142.032,260
p_nesenese1235,Nese,Austronesian,Papunesia,-15.952608000000001,167.222769,73
p_neveeivinm1237,Neve'ei,Austronesian,Papunesia,-16.225299999999997,167.42700000000002,97
p_neveeivinm1237a,Neve'ei,Austronesian,Papunesia,-16.225299999999997,167.42700000000002,43
p_neververling1265,Neverver,Austronesian,Papunesia,-16.1986,167.499,146
p_ngunangun1274,Nguna,Austronesian,Papunesia,,,127
p_niuafoouniua1240,Niuafo'ou,Austronesian,Papunesia,-15.6014,-175.64,62
p_niueniue1239,Niuean,Austronesian,Papunesia,-19.06,-169.86,146
p_northambrymnort2839,North Ambrym,Austronesian,Papunesia,-16.174100000000003,168.14,74
p_northefatengunanakanamanganort2836,North Efate,Austronesian,Papunesia,-17.5774,168.375,75
p_northtannanort2847,North Tanna,Austronesian,Papunesia,-19.3733,169.303,134
p_numbaminumb1247,Numbami,Austronesian,Papunesia,-7.52806,147.298,112
p_nyawayginyaw1247,Nyawaygi,Pama-Nyungan,Australia,-18.8743,146.21599999999998,40
p_nyulnyulnyul1247,Nyulnyul,,Australia,-16.9129,122.851,369
p_olalolal1237,Olal,Austronesian,Papunesia,,,98
p_oldjavanesekawikawi1241,Kawi,Austronesian,Papunesia,-7,111,140
p_oldraparaparapa1245,Old Rapa,Austronesian,Papunesia,-27.6304,-144.33800000000002,134
p_owasantaanaowaa1237,Owa,Austronesian,Papunesia,-10.825530000000002,162.30467,286
p_pacohpaco1243,Pacoh,Austroasiatic,Eurasia,16.3353,107.09400000000001,28
p_padoepado1242,Padoe,Austronesian,Papunesia,-2.60642,121.236,50
p_pagupagu1249,Pagu,,Papunesia,1.2133999999999998,127.78,74
p_paicipaic1239,Paicî,Austronesian,Papunesia,-21.096,165.15,200
p_paiwanpaiw1248,Paiwan,Austronesian,Papunesia,22.3271,120.806,160
p_palauanpala1344,Palauan,Austronesian,Papunesia,7.34138,134.476678,142
p_paluaibalu1257,Paluai,Austronesian,Papunesia,-2.5604,147.282,136
p_pamapaamanesepaam1238,Paama,Austronesian,Papunesia,-16.475479999999997,168.23693,170
p_pampangakampampanganpamp1243,Pampanga,Austronesian,Papunesia,14.9603,120.502,158
p_pangasinanpang1290,Pangasinan,Austronesian,Papunesia,15.9377,120.365,117
p_patanipata1260,Patani,Austronesian,Papunesia,0.34096,128.634,108
p_pendaupend1242,Pendau,Austronesian,Papunesia,-0.11396,119.862,192
p_penrhyntongarevapenr1237,Māngarongaro,Austronesian,Papunesia,-9.082238,-157.92290800000004,126
p_petapatajetaje1237a,Taje,Austronesian,Papunesia,-0.72583,120.07799999999999,104
p_pohnpeianpohn1238,Pohnpeian,Austronesian,Papunesia,6.87212,158.22299999999998,77
p_pohnpeianpohn1238a,Pohnpeian,Austronesian,Papunesia,6.87212,158.22299999999998,141
p_portsandwichport1285,Port Sandwich,Austronesian,Papunesia,-16.495199999999997,167.78,154
p_prakaaprak1243,Prakaa,Sino-Tibetan,Eurasia,,,22
p_protooceanicocea1241,Oceanic,Austronesian,,,,80
p_pukapukapuka1242,Pukapuka,Austronesian,Papunesia,-10.91,-165.83,190
p_puluwatesepuluwatpulu1242,Puluwatese,Austronesian,Papunesia,7.356949999999999,149.20049999999998,144
p_raderhaderade1240,Rade,Austronesian,Eurasia,12.979000000000001,108.41000000000001,110
p_ragahanohano1246,Hano,Austronesian,Papunesia,-15.543199999999999,168.167,124
p_ragahanothomasenneverhano1246b,Hano,Austronesian,Papunesia,-15.543199999999999,168.167,115
p_rahambuuraha1237,Rahambuu,Austronesian,Papunesia,-3.24627,121.059,50
p_rakahangamanihikiraka1237,Rakahanga-Manihiki,Austronesian,Papunesia,-10.03,-161.09,118
p_rangioranwtuamotustuam1242,Tuamotuan,Austronesian,Papunesia,-16.17259,-146.321755,126
p_rapanuieasterislandrapa1244,Rapanui,Austronesian,Papunesia,-27.113000000000003,-109.342,146
p_rarotongancookislandsmaoriraro1241,Southern Cook Island Maori,Austronesian,Papunesia,-21.23,-159.78,163
p_ratagnonrata1245,Ratagnon,Austronesian,Papunesia,12.2785,121.187,200
p_rejangrejangesereja1240,Rejang,Austronesian,Papunesia,-3.3305599999999997,102.43400000000001,242
p_riantanarian1263,Riantana,,Papunesia,-7.50746,138.484,17
p_riukbekatidayakbeka1241,Riuk Bekati',Austronesian,Papunesia,1.3307,109.576,58
p_rotokasroto1249,Rotokas,,Papunesia,-5.943390000000001,155.154,162
p_rotumanrotu1241,Rotuman,Austronesian,Papunesia,-12.5008,177.066,106
p_routarout1237,Routa,Austronesian,Papunesia,,,50
p_rovianarovi1238,Roviana,Austronesian,Papunesia,-8.20493,157.40800000000002,180
p_russianruss1263a,Russian,Indo-European,Eurasia,59,50,166
p_saaroasaar1237,Saaroa,Austronesian,Papunesia,23.263199999999998,120.71100000000001,140
p_samoansamo1305a,Samoan,Austronesian,Papunesia,-13.92,-171.83,151
p_sangtamnagasang1321,Sangtam Naga,Sino-Tibetan,Eurasia,25.8581,94.6279,138
p_saranganiblaansara1326,Sarangani Blaan,Austronesian,Papunesia,6.03691,125.354,218
p_sasaaa1241,Sa,Austronesian,Papunesia,-15.953400000000002,168.228,131
p_satawalesesata1237,Satawalese,Austronesian,Papunesia,7.36084,147.038,62
p_sawaisawa1247,Sawai,Austronesian,Papunesia,0.51111,128.086,112
p_sekeskeseke1241,Seke (Vanuatu),Austronesian,Papunesia,-15.8839,168.197,162
p_senbareiunua1237,Unua,Austronesian,Papunesia,-16.2638,167.599,93
p_sherpasher1255,Solu-Khumbu Sherpa,Sino-Tibetan,Eurasia,27.674000000000003,86.99940000000001,65
p_siesyesiee1239,Sie,Austronesian,Papunesia,-18.8181,169.166,185
p_sikaianasika1261,Sikaiana,Austronesian,Papunesia,-8.378194,162.72951999999998,148
p_sikasika1262,Sika,Austronesian,Papunesia,-8.67302,122.38,22
p_sonsorolsons1242,Sonsorol,Austronesian,Papunesia,5.328595999999999,132.221282,118
p_sougbmani1235,Sougb,,Papunesia,-1.49611,133.95000000000002,106
p_southeastambrymsout2859,Southeast Ambrym,Austronesian,Papunesia,-16.2975,168.21099999999998,141
p_southeastbabarsout2883,Southeast Babar,Austronesian,Papunesia,-7.94359,129.8,30
p_southefatesout2856a,South Efate,Austronesian,Papunesia,-17.700599999999998,168.377,32
p_southtuvaluanvaitupusout2865,South Tuvaluan,Austronesian,Papunesia,,,198
p_southwesttannasout2869,Southwest Tanna,Austronesian,Papunesia,-19.57953,169.35603000000003,127
p_sukisuki1245,Suki,,Papunesia,-8.04783,141.842,118
p_sulafagudusula1245,Sula,Austronesian,Papunesia,-2.3076499999999998,125.96600000000001,50
p_sulamangolimang1408,Mangole,Austronesian,Papunesia,-1.87941,125.82199999999999,76
p_sundanesesund1252,Sundanese,Austronesian,Papunesia,-6.897079999999999,107.106,122
p_sungagagemari1426i,Sunwadia,Austronesian,Papunesia,-14.970047000000001,168.05794100000003,117
p_sungwadagamari1426b,Sunwadia,Austronesian,Papunesia,-14.970047000000001,168.05794100000003,173
p_sungwadiamari1426a,Sunwadia,Austronesian,Papunesia,-14.970047000000001,168.05794100000003,152
p_sungwalogenalembaedwardmari1426g,Sunwadia,Austronesian,Papunesia,-14.970047000000001,168.05794100000003,160
p_sungwalogenalembasimeonetarimari1426f,Sunwadia,Austronesian,Papunesia,-14.970047000000001,168.05794100000003,158
p_sungwalogenavenvenemari1426d,Sunwadia,Austronesian,Papunesia,-14.970047000000001,168.05794100000003,117
p_sungwalogetautamari1426e,Sunwadia,Austronesian,Papunesia,-14.970047000000001,168.05794100000003,154
p_sungwalogetawetmari1426c,Sunwadia,Austronesian,Papunesia,-14.970047000000001,168.05794100000003,154
p_sunwadiamari1426,Sunwadia,Austronesian,Papunesia,-14.970047000000001,168.05794100000003,76
p_suzhoushan1293,Shanghainese,Sino-Tibetan,Eurasia,31.222901999999998,121.47537199999998,153
p_suzhousuzh1234,Suzhou,Sino-Tibetan,Eurasia,31.328043899999997,120.36411600000001,155
p_tadyawantady1237,Tadyawan,Austronesian,Papunesia,13.021099999999999,121.30499999999999,162
p_tagalogtaga1270,Tagalog,Austronesian,Papunesia,14.06,121.74700000000001,172
p_tahitiantahi1242,Tahitian,Austronesian,Papunesia,-17.6485,-149.45000000000002,113
p_tajiotaji1246,Tajio,Austronesian,Papunesia,-0.31553,120.01,198
p_takiataki1248,Takia,Austronesian,Papunesia,-4.690569999999999,145.975,166
p_takuutaku1257,Takuu,Austronesian,Papunesia,-4.773094,157.032085,144
p_talibabutali1262,Taliabu,Austronesian,Papunesia,-1.7951599999999999,124.869,100
p_talisetolotali1259,Talise,Austronesian,Papunesia,-9.76764,160.231,182
p_tamambomalo1243,Tamambo,Austronesian,Papunesia,-15.6835,167.16,102
p_tanampedagitajetaje1237b,Taje,Austronesian,Papunesia,-0.72583,120.07799999999999,192
p_tangoamovonotang1347,Movono,Austronesian,Papunesia,-15.5643,166.95800000000003,18
p_tasikotasi1237,Tasiko,Austronesian,Papunesia,,,184
p_taumakotaum1237,Taumako,Austronesian,Papunesia,,,126
p_tausugsulumorotaus1251,Tausug,Austronesian,Papunesia,5.12236,118.88,306
p_tausugtaus1251a,Tausug,Austronesian,Papunesia,5.12236,118.88,172
p_teiwateiw1235,Teiwa,,Papunesia,-8.37662,124.17399999999999,149
p_tetumtetuntetu1245,Tetum,Austronesian,Papunesia,-9.112169999999999,125.52799999999999,166
p_tetundilitetumtetu1246,Tetun Dili,Austronesian,Papunesia,-8.58405,125.583,130
p_thaothao1240,Thao,Austronesian,Papunesia,23.8333,120.93,148
p_thayorekuukthaayorrethay1249,Thayore,Pama-Nyungan,Australia,-14.815900000000001,142.034,134
p_tialetial1239,Tiale,Austronesian,Papunesia,-15.2334,166.842,14
p_tialotominitomi1243,Tomini,Austronesian,Papunesia,0.42569,120.89,174
p_tigaktiga1245,Tigak,Austronesian,Papunesia,-2.7095100000000003,150.893,18
p_tikopiatiko1237a,Tikopia,Austronesian,Papunesia,-12.2766,168.82200000000003,171
p_tiraxmaemaee1241,Tirax,Austronesian,Papunesia,-15.9914,167.288,71
p_tirimeagrandcoulitiri1258,Tiri-Mea,Austronesian,Papunesia,-21.814700000000002,165.792,134
p_tokelautoke1240a,Tokelau,Austronesian,Papunesia,-9.227642,-171.780833,250
p_tokotuakabaenakaba1285,Kabaena,Austronesian,Papunesia,,,50
p_tokpisintokp1240,Tok Pisin,Indo-European,Papunesia,-9.41971,147.303,154
p_tolakitola1247,Tolaki,Austronesian,Papunesia,-4.03577,121.88799999999999,146
p_tomadinotoma1248,Tomadino,Austronesian,Papunesia,-2.5649300000000004,121.94400000000002,50
p_tombulutomb1243,Tombulu,Austronesian,Papunesia,1.3971500000000001,124.754,176
p_tongatongaislandstong1325,Tonga (Tonga Islands),Austronesian,Papunesia,-21.17,-175.25,118
p_tonseatons1240,Tonsea,Austronesian,Papunesia,1.5139299999999998,125.05199999999999,160
p_toqabaqitatoab1237,To'abaita,Austronesian,Papunesia,-8.392330000000001,160.61899999999997,160
p_toretetore1237,Torete,Austronesian,Papunesia,,,50
p_torresstraitcreolebrokentorr1261,Torres Strait Creole,Indo-European,Australia,-11.066,142.692,227
p_totolitoto1304,Totoli,Austronesian,Papunesia,1.14995,120.87499999999999,270
p_tubuaitubu1240,Tubuai,Austronesian,Papunesia,,,114
p_tucanoanbarawaim1255,Waimaha,,South America,0.30416,-70.1644,103
p_tukangbesisouthtuka1249,Tukang Besi South,Austronesian,Papunesia,-5.7478,123.94800000000001,48
p_tulambatutula1253,Tulambatu,Austronesian,Papunesia,,,50
p_tungagtung1290,Tungag,Austronesian,Papunesia,-2.52188,150.198,60
p_turkishnucl1301,Turkish,Turkic,Eurasia,39.8667,32.8667,178
p_turungturu1249,Turung,Tai-Kadai,Eurasia,26.3441,92.26760000000002,96
p_tuvalunanumeatuva1244,Tuvalu,Austronesian,Papunesia,-8.520812999999999,179.198088,185
p_umajumankayanumaj1240,Uma Juman,Austronesian,Papunesia,,,162
p_umiraydumagetagtaumir1236,Umiray Dumaget Agta,Austronesian,Papunesia,14.875700000000002,121.508,132
p_unuaunua1237,Unua,Austronesian,Papunesia,-16.2638,167.599,47
p_uradhiatampayaatam1239,Atampaya,Pama-Nyungan,Australia,-11.0018,142.27299999999997,44
p_uraklawoiurak1238,Urak Lawoi',Austronesian,Eurasia,7.525799999999999,99.07679999999999,88
p_uraurav1235,Ura (Vanuatu),Austronesian,Papunesia,-18.6747,169.084,55
p_uripivwalaranoatchinurip1239,Uripiv-Wala-Rano-Atchin,Austronesian,Papunesia,-16.00951,167.34643000000003,120
p_vaekautaumakopile1238,Vaeakau-Taumako,Austronesian,Papunesia,-10.173335,166.247188,179
p_vaovaoo1237,Vao,Austronesian,Papunesia,-15.898299,167.30997299999999,100
p_varisivari1239,Varisi,Austronesian,Papunesia,-6.834429999999999,156.655,112
p_veraavera1241,Vera'a,Austronesian,Papunesia,-13.892528,167.42870100000002,127
p_vuresvure1239,Vurës,Austronesian,Papunesia,-13.905677,167.45141200000003,106
p_waiawaia1242,Waia (Bungku),Austronesian,Papunesia,,,52
p_wallisianeastuveawall1257,East Uvean,Austronesian,Papunesia,-13.290299999999998,-176.207,146
p_wambayawamb1258,Wambayan,,Australia,-17.496,135.683,337
p_wangkajungawang1288,Wangkajunga,Pama-Nyungan,Australia,,,168
p_wangkangurruwang1290a,Wangganguru,Pama-Nyungan,Australia,-25.814800000000005,135.941,96
p_warlpiriwarl1254a,Warlpiri,Pama-Nyungan,Australia,-20.100800000000003,131.05,128
p_warrnamboolwarr1257,Warrnambool,Pama-Nyungan,Australia,-38.15561291000001,141.53965849999997,123
p_wartathuntaigunt1241,Warta Thuntai,,Papunesia,-8.80806,141.253,20
p_waruwaru1266,Waru,Austronesian,Papunesia,-3.4119999999999995,122.05799999999999,50
p_wathwurrungwath1238,Wathawurrung,Pama-Nyungan,Australia,-37.68777565,144.1013148,48
p_watutwatu1246,Watut,Austronesian,,,,154
p_wawoniiwawo1239,Wawonii,Austronesian,Papunesia,-4.13587,123.1,146
p_wedaweda1240,Weda,Austronesian,Papunesia,,,108
p_wersingwers1238,Wersing,,Papunesia,-8.33936,124.932,136
p_westcoastbajauwest2560,West Coast Bajau,Austronesian,Papunesia,6.00631,116.124,162
p_westernbukidnonmanobowest2555,Western Bukidnon Manobo,Austronesian,Papunesia,7.6682,124.82499999999999,162
p_westernpantarlamm1241,Western Pantar,,Papunesia,-8.527869999999998,124.057,209
p_westerntawbuidbatanganwest2559,Western Tawbuid,Austronesian,Papunesia,12.822700000000001,121.026,166
p_westfutunawest2515,West Futuna,Austronesian,Papunesia,,,193
p_westkewawest2599,West Kewa,Nuclear Trans New Guinea,Papunesia,-6.320969999999999,143.73,103
p_whitesandswhit1269,Whitesands,Austronesian,Papunesia,-19.501900000000003,169.38100000000003,132
p_wipiwipi1242,Wipi,,Papunesia,-8.79741,143.064,20
p_wiwiranowiwi1237,Wiwirano,Austronesian,Papunesia,,,50
p_wogeowoge1237,Wogeo,Austronesian,Papunesia,-3.2023800000000002,144.089,122
p_woleaianwole1240,Woleaian,Austronesian,Papunesia,7.37957,143.916,40
p_woliowoli1241,Wolio,Austronesian,Papunesia,-5.33,122.66999999999999,56
p_xalangimaevovanuatumari1426h,Sunwadia,Austronesian,Papunesia,-14.970047000000001,168.05794100000003,158
p_xaracuucanalaxara1244,Xârâcùù,Austronesian,Papunesia,-21.7034,165.996,74
p_xibexibe1242,Xibe,,Eurasia,43.5854,81.0034,217
p_yabemyabe1254,Yabem,Austronesian,Papunesia,-6.67052,147.81,245
p_yadhaykenuyadh1237,Yadhaykenu,Pama-Nyungan,Australia,-11.314,142.725,75
p_yakanyaka1277,Yakan,Austronesian,Papunesia,6.531023000000001,122.02172900000001,192
p_yalarnngayala1262a,Yalarnnga,Pama-Nyungan,Australia,-21.731,139.511,145
p_yandruwandhayand1253a,Yandruwandha,Pama-Nyungan,Australia,-28.4744,140.583,115
p_yelmekyelm1242,Yelmek,,Papunesia,-7.4453000000000005,139.096,116
p_yidinyyidi1250a,Yidiñ,Pama-Nyungan,Australia,-17.133200000000002,145.876,114
p_yiryorontyiry1245,Yir-Yoront,Pama-Nyungan,Australia,-15.111699999999999,141.767,89
p_yugambalyugambehyuga1244,Yugambal,Pama-Nyungan,Australia,-27.803,153.08200000000002,276
p_yukultaganggalidagang1267a,Ganggalida,,Australia,-17.5446,139.42600000000002,115
p_yuracareyura1255,Yuracaré,,South America,-16.7479,-65.12239999999998,120
p_zabanakiazaba1237,Zabana,Austronesian,Papunesia,-7.74311,158.753,64
p_lebanesearabicstan1323,Standard Lebanese Arabic,Afro-Asiatic,Eurasia,34.17,36.05,162
p_marra,Marra,Other,Australia,,,81
p_kriolroperriver,Kriol (Roper River),Indo-European,Australia,,,78
p_agob-ende-kawamagob1244,Agob-Ende-Kawam,Pahoturi,Papunesia,-9.08521,142.532,85
p_alamblakalam1246,Alamblak,Sepik,Papunesia,-4.663069999999999,143.316,107
p_amanabaman1265,Amanab,Border,Papunesia,-3.51516,141.178,145
p_auauuu1241,Au,Nuclear Torricelli,Papunesia,-3.5327699999999997,142.105,101
p_imbonguimbo1238,Imbongu,Nuclear Trans New Guinea,Papunesia,-6.136290000000001,144.026,117
p_xawia1234,Awiakay,Arafundi,Papunesia,,,126
p_baruyabaru1267,Baruya,Angan,Papunesia,-6.8926099999999995,145.818,114
p_berikberi1254,Berik,Tor-Orya,Papunesia,-2.26904,138.866,122
p_biluabilu1245,Bilua,Bilua,Papunesia,-7.92388,156.66299999999998,84
p_dadibidadi1250,Dadibi,Teberan,Papunesia,-6.657649999999999,144.511,170
p_doutaidout1240,Doutai,Lakes Plain,Papunesia,-3.2483200000000005,138.22,112
p_eastkewaeast2516,East Kewa,Nuclear Trans New Guinea,Papunesia,-6.32989,143.931,162
p_edopiedop1238,Edopi,Lakes Plain,Papunesia,-3.11078,137.38700000000003,106
p_eipomekeipo1242,Eipomek,Nuclear Trans New Guinea,Papunesia,-4.33691,140.045,173
p_ekariekar1243,Ekari,Nuclear Trans New Guinea,Papunesia,-3.8897399999999998,136.018,119
p_eraveerav1244,Erave,Nuclear Trans New Guinea,Papunesia,-6.550109999999999,143.918,107
p_foifoii1241,Foi,East Kutubu,Papunesia,-6.47258,143.495,107
p_forefore1270,Fore,Nuclear Trans New Guinea,Papunesia,-6.644729999999999,145.5065,119
p_galelagale1259,Galela,North Halmahera,Papunesia,2.3146099999999996,128.44,193
p_gimigimi1243,Gimi (Eastern Highlands),Nuclear Trans New Guinea,Papunesia,-6.42097,145.21399999999997,78
p_lowergrandvalleydanilowe1415,Lower Grand Valley Dani,Nuclear Trans New Guinea,Papunesia,-4.25684,138.99200000000002,126
p_hewahewa1241,Hewa,Sepik,Papunesia,-5.0363500000000005,142.55100000000002,154
p_hulihuli1244,Huli,Nuclear Trans New Guinea,Papunesia,-5.97212,142.963,186
p_isakakris1246,I'saka,Sko,Papunesia,-2.8008399999999996,141.303,72
p_iauiauu1242,Iau,Lakes Plain,Papunesia,-3.1453700000000002,137.69,124
p_isirawaisir1237,Isirawa,Greater Kwerba,Papunesia,-1.88775,138.595,125
p_iwamiwam1256,Iwam,Sepik,Papunesia,-4.273460000000001,141.817,124
p_kamanokama1370,Kamano,Nuclear Trans New Guinea,Papunesia,-6.258290000000001,145.728,58
p_kaurenaraukaur1271,Kaure-Narau,Kaure-Narau,Papunesia,-3.3918799999999996,140.14,135
p_keyaganakeya1238,Keyagana,Nuclear Trans New Guinea,Papunesia,-6.47599,145.464,123
p_kemtuikkemt1242,Kemtuik,Nimboranic,Papunesia,-2.64894,140.372,117
p_ketengbankete1254,Ketengban,Nuclear Trans New Guinea,Papunesia,-4.504169999999999,140.44299999999998,95
p_kilmerikilm1241,Kilmeri,Border,Papunesia,-2.8860699999999997,141.191,78
p_kimaamakima1246,Kimaama,Kolopom,Papunesia,-8.018989999999999,138.35500000000002,132
p_southernkiwaisout2949,Southern Kiwai,Kiwaian,Papunesia,-8.648889999999998,143.24399999999997,164
p_klonkelo1247,Klon,Timor-Alor-Pantar,Papunesia,-8.406880000000001,124.429,50
p_grasskoiarigras1249,Grass Koiari,Koiarian,Papunesia,-9.51218,147.437,216
p_kombaikomb1274,Kombai,Nuclear Trans New Guinea,Papunesia,-5.54543,139.90200000000002,114
p_westerndaniwest2594,Western Dani,Nuclear Trans New Guinea,Papunesia,-3.77127,138.21699999999998,188
p_korafekora1295,Korafe,Nuclear Trans New Guinea,Papunesia,-9.07,149.267,118
p_korowaikoro1312,Korowai,Nuclear Trans New Guinea,Papunesia,-5.26952,140.047,118
p_kumankuma1280,Kuman,Nuclear Trans New Guinea,Papunesia,-5.9058600000000006,144.977,94
p_kunimaipakuni1267,Kunimaipa,Goilalan,Papunesia,-8.09371,146.90800000000002,240
p_boungboun1245,Bo-Ung,Nuclear Trans New Guinea,Papunesia,-5.8626,144.086,28
p_lolodalabalolo1264,Loloda-Laba,North Halmahera,Papunesia,1.95461,127.77199999999999,82
p_modolemodo1249,Modole,North Halmahera,Papunesia,1.4019899999999996,127.752,99
p_mairasinucl1594,Mairasi,Mairasic,Papunesia,-3.4511,134.071,105
p_xmala1494,Mala,,Papunesia,,,114
p_maybratkaronmaib1239,Maybrat-Karon,Maybrat-Karon,Papunesia,-1.3679,132.591,150
p_mianimian1254,Miani,Nuclear Trans New Guinea,Papunesia,-4.42116,145.27599999999998,118
p_momufasfass1245,Momu-Fas,Baibai-Fas,Papunesia,-3.10868,141.64,127
p_monimoni1261,Moni,Nuclear Trans New Guinea,Papunesia,-3.72962,136.88600000000002,118
p_monumbonucl1458,Monumbo,Bogia,Papunesia,-4.271700000000001,144.95000000000002,113
p_sibesibe1248,Sibe,South Bougainville,Papunesia,-6.431490000000001,155.412,124
p_naasioinaas1242,Naasioi,South Bougainville,Papunesia,-6.4602200000000005,155.632,110
p_yagwoiayagw1240,Yagwoia,Angan,Papunesia,-7.14042,145.854,114
p_nimborannucl1633,Nimboran,Nimboranic,Papunesia,-2.5803000000000003,140.17899999999997,119
p_northmuyunort2916,North Muyu,Nuclear Trans New Guinea,Papunesia,-5.55319,140.84,104
p_yauyaum1237,Yau (Morobe Province),Nuclear Trans New Guinea,Papunesia,-6.08274,146.841,129
p_onobasuluonob1238,Onobasulu,Bosavi,Papunesia,-6.30876,142.77599999999998,159
p_sogeramsoge1235,Sogeram,Nuclear Trans New Guinea,,-5.08,144.81,225
p_savosavosavo1255,Savosavo,Savosavo,Papunesia,-9.12853,159.814,162
p_sawisawi1257,Sawi,Nuclear Trans New Guinea,Papunesia,-5.99286,138.64299999999997,183
p_setamanseta1246,Setaman,Nuclear Trans New Guinea,Papunesia,-5.31134,141.833,123
p_siwaisiwa1245,Siwai,South Bougainville,Papunesia,-6.642899999999999,155.45200000000003,89
p_tablatabl1243,Tabla,Sentanic,Papunesia,-2.45368,140.39600000000002,115
p_taiaptaia1239,Taiap,Taiap,Papunesia,-4.05047,144.506,61
p_telefoltele1256,Telefol,Nuclear Trans New Guinea,Papunesia,-5.07444,141.731,248
p_xtido1248,Tidore,,Papunesia,,,136
p_touotouo1238,Touo,Touo,Papunesia,-8.58405,157.296,162
p_umbuunguumbu1258,Umbu-Ungu,Nuclear Trans New Guinea,Papunesia,-5.951300000000001,143.97,68
p_usarufausar1243,Usarufa,Nuclear Trans New Guinea,Papunesia,-6.388979999999999,145.63299999999998,58
p_waffawaff1241,Waffa,Nuclear Trans New Guinea,Papunesia,-6.557829999999999,146.09,217
p_watamwata1253,Watam,Lower Sepik-Ramu,Papunesia,-4.025909999999999,144.583,114
p_kosarekyalekosa1249,Kosarek Yale,Nuclear Trans New Guinea,Papunesia,-4.06603,139.64499999999998,99
p_yalicyali1257,Yalic,Nuclear Trans New Guinea,,-3.7686900000000003,139.26,123
p_yawanucl1454,Yawa,Yawa-Saweru,Papunesia,-1.7719599999999998,136.26299999999998,161
p_yeleyele1255,Yele,Yele,Papunesia,-11.379600000000002,154.127,227
v_forestenetsfore1265,Forest Enets,Uralic,Eurasia,68.6,86.5,96
v_hillmariwest2392,Western Mari,Uralic,Eurasia,56.220000000000006,46.57,156
v_livonianlivv1244,Livonian,Uralic,Eurasia,57.57,22.03,130
v_mokshamordvinmoks1248,MokshaMordvin,Uralic,Eurasia,54.190000000000005,42.67,188
v_nganasanngan1291,Nganasan,Uralic,Eurasia,73.14,86.21000000000001,138
v_skoltsaamiskol1241,Skolt Saami,Uralic,Eurasia,69.505596,28.592181999999998,168
v_southsaamisout2674,South Saami,Uralic,Eurasia,62.879999999999995,13.7,219
v_northsaaminort2671,North Saami,Uralic,Eurasia,68.72,22.110000000000003,140
v_erzyamordvinerzy1239,Erzya Mordvin,Uralic,Eurasia,53,45.5,218
v_hungarianhung1274,Hungarian,Uralic,Eurasia,47,20,184
v_kazymkhantynort2672,Kazym Khanty,Uralic,Eurasia,62.4308,66.1218,190
v_meadowmarigras1239,Meadow Mari,Uralic,Eurasia,57,48,224
v_sosvamansinort2677,Sosva Mansi,Uralic,Eurasia,62,62,177
v_acheache1246,Aché,Tupian,South America,-25.586499999999997,-56.4697,454
v_anambeanam1249,Anambé,Tupian,South America,-2.71119,-49.303,39
v_arawetearaw1273,Araweté,Tupian,South America,-4.9024600000000005,-52.5001,153
v_avacanoeiroavac1239,Avá-Canoeiro,Tupian,South America,-13.608099999999999,-48.1336,33
v_chiriguanoeast2555,Eastern Bolivian Guaraní,Tupian,South America,-20.419999999999998,-63.37,334
v_cintalargacint1239,Cinta Larga,Tupian,South America,-10.5879,-60.831199999999995,56
v_cocamacocamillacoca1259,Cocama-Cocamilla,Tupian,South America,-4.5,-74,230
v_dekwanamaquiritarimaqu1238,Maquiritari,Cariban,South America,4.70705,-64.3877,258
v_emerillonemer1243,Teko,Tupian,South America,3.2369399999999997,-52.3699,75
v_guajaguaj1256,Guajá,Tupian,South America,-3.9357399999999996,-46.368300000000005,150
v_guarayuguar1292,Guarayu,Tupian,South America,-15.8247,-61.693400000000004,104
v_jurunajuru1256,Jurúna,Tupian,South America,-10.935400000000001,-53.347199999999994,155
v_kaiwakaiw1246,Kaiwá,Tupian,South America,-24.589,-54.6815,123
v_karitianakari1311,Karitiâna,Tupian,South America,-9.37937,-64.1522,81
v_kayabikaya1329,Kayabí,Tupian,South America,-11.2747,-55.5479,150
v_macushimacu1259,Macushi,Cariban,South America,4.31861,-60.22090000000001,372
v_mundurukumund1330,Mundurukú,Tupian,South America,-8.41095,-57.691,148
v_panareenap1235,Panare,Cariban,South America,6.95035,-65.8483,457
v_paraguayanguaranipara1311,Paraguayan Guaraní,Tupian,South America,-25.60551,-57.08816,412
v_parakanapara1312,Parakanã,Tupian,South America,-4.646809999999999,-50.06210000000001,199
v_pausernapaus1244,Warázu,Tupian,South America,-12.855300000000002,-63.19030000000001,187
v_sateremawesate1243,Sateré-Mawé,Tupian,South America,-3.63897,-56.8749,65
v_sirionosiri1273,Sirionó,Tupian,South America,-15.5298,-63.9688,271
v_suruisuru1262,Suruí,Tupian,South America,-11.098899999999999,-61.2818,145
v_tapirapetapi1254,Tapirapé,Tupian,South America,-10.537299999999998,-50.5438,143
v_tembetemb1276,Tenetehara,Tupian,South America,-2.6123,-48.23590000000001,131
v_tenharimtenh1241,Tenharim-Parintintin-Diahoi,Tupian,South America,-7.926260000000001,-61.936,170
v_tocantinsasurinitoca1235,Tocantins Asurini,Tupian,South America,-3.5935900000000003,-49.899100000000004,181
v_tupitupi1274,Lingua Geral Paulista,Tupian,South America,-23.95,-46.379999999999995,197
v_wayampiwaya1270,Wayampi,Tupian,South America,1.73817,-52.688700000000004,237
v_galibicaribgali1262,Galibi Carib,Cariban,South America,5.83772,-56.832300000000004,167
v_waimiriatroariwaim1253,Waimiri-Atroari,Cariban,South America,-0.61832,-60.425900000000006,112
v_awetiawet1244,Awetí,Tupian,South America,-12.38,-53.39,202
v_mbyaguaranimbya1239,Mbyá Guaraní,Tupian,South America,-26.02,-52.71,202
v_prototupiguaranitupi1276,Proto-Tupi-Guarani,Tupian,,,,91
v_mandarinchinamand1415,Mandarin Chinese,Sino-Tibetan,Eurasia,39.9,116.4,112
v_koreankore1280,Korean,Koreanic,Eurasia,38.3,127.2,204
v_melpamelp1238,Melpa,Nuclear Trans New Guinea,Papunesia,-5.63,144.34,222
v_engaenga1252,Enga,Nuclear Trans New Guinea,Papunesia,-5.46,143.69,130
v_wahginucl1620,Wahgi,Nuclear Trans New Guinea,Papunesia,-6.119999999999999,144.66,77
v_southtairorasout2943,South Tairora,Nuclear Trans New Guinea,Papunesia,-6.35337,145.883,141
v_ameleamel1241,Amele,Nuclear Trans New Guinea,Papunesia,-5.291260000000001,145.687,186
v_awiyaanaawiy1238,Awiyaana,Nuclear Trans New Guinea,Papunesia,-6.54079,145.76,71
v_hapororanhita1242,Hapororan,Austronesian,Papunesia,-5.34,154.59,104
v_gadsupgads1258,Gadsup,Nuclear Trans New Guinea,Papunesia,-6.31631,145.997,38
v_domdomm1246,Dom,Nuclear Trans New Guinea,Papunesia,-6.03737,144.895,165
v_hamtaihamt1247,Hamtai,Nuclear Trans New Guinea,Papunesia,-7.54975,146.227,109
v_oksapminoksa1245,Oksapmin,Nuclear Trans New Guinea,Papunesia,-5.2079699999999995,142.177,172
v_danodano1240,Dano,Nuclear Trans New Guinea,Papunesia,-5.92188,145.254,44
v_misimapaneatimisi1243,Misima-Paneati,Austronesian,Papunesia,-10.6821,152.696,61
v_wedauweda1241,Wedau,Austronesian,Papunesia,-10.1246,150.172,132
v_gapapaiwagapa1238,Gapapaiwa,Austronesian,Papunesia,-9.733169999999998,149.854,49
v_doromukokidoro1266,Doromu-Koki,Nuclear Trans New Guinea,Papunesia,-9.56687,147.98600000000002,232
v_maisinmais1250,Maisin,Austronesian,Papunesia,-9.22853,148.731,68
v_korafeyeghakora1294,Korafe-Yegha,Nuclear Trans New Guinea,Papunesia,-9.07,149.267,284
v_lalalala1268,Lala,Austronesian,Papunesia,-8.931949999999999,146.74899999999997,92
v_orokoloorok1267,Orokolo,Eleman,Papunesia,-7.81309,145.34,134
v_barainucl1630,Barai,Nuclear Trans New Guinea,Papunesia,-9.46,147.9,122
v_awaawap1236,Awa,Nuclear Trans New Guinea,Papunesia,-6.659999999999999,145.70999999999998,116
v_sepikiwamsepi1255,Sepik Iwam,Sepik,Papunesia,-4.31,142.12,109
v_menyameny1245,Menya,Nuclear Trans New Guinea,Papunesia,-7.17425,146.071,67
v_rumurumu1243,Rumu,Nuclear Trans New Guinea,Papunesia,-7.17149,144.17899999999997,157
v_tereitere1278,Terei,South Bougainville,Papunesia,-6.7005099999999995,155.74499999999998,97
v_wiruwiru1244,Wiru,Nuclear Trans New Guinea,Papunesia,-6.35863,144.21399999999997,53
v_haliahali1244,Halia,Austronesian,Papunesia,-5.26603,154.662,75
v_tabriaktabr1243,Tabriak,Lower Sepik-Ramu,Papunesia,-4.491620000000001,143.593,214
v_iatmuliatm1242,Iatmul,Sepik,Papunesia,-4.3006400000000005,143.316,159
v_tiangtian1237,Tiang,Austronesian,Papunesia,-2.9550499999999995,150.935,163
v_titantita1241,Titan,Austronesian,Papunesia,-2.18168,146.88800000000003,134
v_nyindrounyin1250,Nyindrou,Austronesian,Papunesia,-2.1143,146.627,35
v_lelelele1270,Lele,Austronesian,Papunesia,-2.0478300000000003,147.207,132
v_batakkarobata1293,Batak Karo,Austronesian,Papunesia,2.13,98.25,220
v_niasnias1242,Nias,Austronesian,Papunesia,0.91,97.5,450
v_krongokron1241,Krongo,Kadu,Africa,10.51,30,74
v_ngilengil1242,Ngile,Narrow Talodi,Africa,10.7194,29.997,88
v_ebangheib1243,Ebang,Heibanic,Africa,11.290799999999999,30.5282,88
v_tiratira1254,Tira,Heibanic,Africa,11.0963,30.8092,82
v_moromoro1285,Moro,Heibanic,Africa,10.919400000000001,30.213800000000003,106
v_tulishituli1249,Tulishi,Kadu,Africa,11.450700000000001,29.108,70
v_koalibkoal1240,Koalib,Heibanic,Africa,11.696480000000001,30.47166,72
v_amaamas1236,Ama,Nyimang,Africa,12.0993,29.4332,158
v_dillingdill1242,Dilling,Nubian,Africa,12.034699999999999,29.6056,92
v_lumunlumu1239,Lumun,Narrow Talodi,Africa,10.8308,30.253,121
v_timatima1241,Tima,Katla-Tima,Africa,11.7176,29.1632,83
v_karkokark1256,Karko,Nubian,Africa,12.0542,29.2074,125
v_dongoladong1288,Dongola,Nubian,Africa,18.25,30.75,104
v_bertabert1248,Berta,Isolate,Africa,10.6474,34.7042,110
v_shillukshil1265,Shilluk,Nilotic,Africa,9.85472,31.792599999999997,100
v_acoliacol1236,Acoli,Nilotic,Africa,3.5773800000000002,32.5147,111
v_southeasterndinkasout2834,Southeastern Dinka,Nilotic,Africa,7.02206,31.284999999999997,82
v_nuernuer1246,Nuer,Nilotic,Africa,8.139109999999999,32.3829,107
v_baribari1284,Bari,Nilotic,Africa,4.19522,31.0723,150
