source_row_id,grave_no,sample,site,d13c,d15n,sex,age_category,chronology,social_category
3,BA 01,Costa,La Bastida,-19.200697862861695,10.393354091236,nd,Infans I,?,5
4,BA 02,Costa,La Bastida,-18.258178619505898,13.892655968127203,nd,Infans I,3,5
5,BAS 4,Phalanx media manus,La Bastida,-19.0419012613542,10.870000000000001,Male ?,Adult,3,3 – 4
6,BA 05,Costa,La Bastida,-18.366685169588003,12.5222456977946,nd,Infans I,3,5
7,BA 06/1,Costa,La Bastida,-19.0932904059866,10.848755773996999,Male,Young adult,,4
8,BA 06/2,Costa,La Bastida,-18.521608592430898,11.1655150297115,nd,Neonate,3,4
9,BA 07,Costa,La Bastida,-18.517935477997803,12.535042973285602,nd,Neonate,3,5
10,BA 12/1,Costa,La Bastida,-18.501037164209603,11.8716076224507,Male,Middle/Old adult,2,3
11,BA 12/2,Costa,La Bastida,-18.795787545817696,10.584679654988701,Female,Middle adult,2,3
12,BA 18/1,Costa,La Bastida,-18.9574912680718,10.634070352693698,Male,Young adult,3,3
13,BA 18/2,Costa,La Bastida,-19.4519458450872,9.837086500678021,Male,Young Adult,3,3
14,BA 20,Costa,La Bastida,-19.2458780573989,9.98187679443619,nd,Infans II,3,5
15,BA 23/1,Costa,La Bastida,-17.796634268978696,12.488999534810201,nd,Infans I,3,5
16,BA 23/2,Costa,La Bastida,-17.391950092100103,13.3344295645848,nd,Infans I,3,5
17,BA 24,Costa,La Bastida,-18.217996447666103,12.8869051885743,nd,Infans I,3,4
18,BA 26,Costa,La Bastida,-17.368196129808602,14.226073358445499,nd,Infans I,3,5
19,BA 27,Costa,La Bastida,-18.878240975424195,12.147276044218698,nd,Neonate,3,5
20,BA 29,Costa,La Bastida,-19.025567621575597,11.444018280956898,nd,Infans I,2,4
21,BA 40/1,Costa,La Bastida,-18.4449150722901,11.722386763755399,Female,Adult,2,1
22,BA 40/2,Costa,La Bastida,-18.409716531456194,11.749283057111398,Male,Young/Middle adult,2,1
23,BA 41,Costa,La Bastida,-18.836244672223096,13.2173946282542,nd,Neonate,3,5
24,BA 42,Costa,La Bastida,-18.905916201228894,10.5909518388881,nd,Infans I,3,5
25,BA 45,Costa,La Bastida,-17.937336538550397,13.614805466390997,nd,Infans I,3,5
26,BA 46,Costa,La Bastida,-19.233945302152502,9.901248954200119,nd,Infans II,3,4
27,BA 47,Costa,La Bastida,-18.8862061592598,11.1616669515117,nd,Neonate,3,5
28,BA 48,Costa,La Bastida,-19.208957119057004,9.50793512703627,Female,Young adult,3,3 – 4
29,BA 49,Costa,La Bastida,-19.110000000000003,10.99,Female,Juvenile,3,4
30,BA 50,Costa,La Bastida,-18.356624371571193,13.838438855629603,nd,Infans I,,5
31,BA 51,Costa,La Bastida,-19.385424236462892,10.9185403824512,nd,Infans I,3,5
32,BA 59,Costa,La Bastida,-18.8041415699345,11.726056069409301,nd,Infans I,3,5
33,BA 60,Costa,La Bastida,-18.131191021899806,11.217590108033399,Female,Middle adult,2,1
34,BA 61/1,Costa,La Bastida,-18.7678334968635,10.348529618909602,Male,Middle adult,3,3 – 4
35,BA 61/2,Costa,La Bastida,-19.2221979380184,10.595146361079001,Female,Middle adult,2,3 – 4
36,BA 62,Costa,La Bastida,-18.968359080476194,10.564544202884603,Male,Old adult,3,3 – 4
37,BA 63,Costa,La Bastida,-18.8413816464516,11.288573109169498,Female,Middle adult,3,4
38,BA 64,Costa,La Bastida,-17.4572729176783,12.285687281690901,nd,Infans I,,5
39,BA 66,Costa,La Bastida,-19.225701858745495,11.870214711917901,nd,Infans I,3,5
40,BA 67,Costa,La Bastida,-17.6990804773951,13.298655703913298,nd,Infans I,3,5
41,BA 71/2,Costa,La Bastida,-18.542341598824294,10.18,Male,Juvenile,3,3 – 4
42,BA 75,Costa,La Bastida,-18.2517456874554,12.523028043952698,nd,Infans I,,5
43,BA 76,Costa,La Bastida,-18.06,13.69,nd,Infans I,2,5
44,BA 77,Costa,La Bastida,-18.752399955362694,11.102232258545003,Female,Old adult,2,3 – 4
45,BA 78,Costa,La Bastida,-18.9241296254367,10.606212464360098,Male,Young adult,3,3 – 4
46,BA 79,Femur,La Bastida,-18.882557358325496,11.338913425262598,Female,Old Adult,2,5
47,BA 80,Femur,La Bastida,-18.509037149361998,11.017351575190698,Female,Young adult,2,3 – 4
48,BA 81,Costa,La Bastida,-19.396130431527496,9.81,nd,Infans II,3,4
49,Ba 82,Costa,La Bastida,-19.130612140172797,10.48,Female?,Adult,2,3
50,BA 83,Os longus indet.,La Bastida,-18,10.1,Female,Adult,3,5
54,GA 21,Costa,Gatas,-18.344313209477598,14.02,nd,Infans I,3,5
55,GA 23,Costa,Gatas,-19.951187683767998,9.05,Female,Juvenile,3,4
56,GA 26,Phalanx media manus,Gatas,-19.322162601020697,9.1,Female,Young/Middle adult,2,5
57,GA 29/1,Costa,Gatas,-19.906373267878198,8.75,nd,Infans II,3,4
58,GA 29/2,Cranium,Gatas,-18.426461894261998,12.629999999999999,nd,Infans I,3,4
59,GA 29/3,Humerus,Gatas,-19.0332562142896,12.07,nd,Infans I,3,4
60,GA 30,Costa,Gatas,-18.6182472942494,13,nd,Infans I,3,4
61,GA 32,Costa,Gatas,-18.573872335529497,12.33,nd,Infans I,2,5
62,GA 33/N,Cranium,Gatas,-19.243698993824697,9.6,Female,Old adult,2,3 – 4
63,GA 33/S,Metacarpus,Gatas,-19.125049778951595,9.43,Male,Old adult,2,3 – 4
64,GA 34,Costa,Gatas,-19.19,9.870000000000001,nd,Infans II,3,4
65,GA 35/1,Vertebra,Gatas,-19.4919846650242,8.58,Female,Young adult,3,3
66,GA 35/2,Vertebra,Gatas,-19.4553880295489,10.7,Male,Young/Middle adult,3,3
67,GA 36,Vertebra,Gatas,-18.932945848678,11.229999999999999,nd,Infans I,2,4
68,GA 37/1,Mandibula,Gatas,-19.466918786278,10.239999999999998,Female,Old adult,2,5
69,GA 37/2,Phalanx pedis,Gatas,-19.197879404430903,9.83,Male,Old adult,2,5
70,GA 38,Cranium,Gatas,-19.2114106046857,10.7,nd,Infans I,3,5
71,GA 39,Costa,Gatas,-19.85,8.229999999999999,Male?,Juvenile,3,5
72,GA 40,Costa + vertebra,Gatas,-19.017938149922404,13.139999999999999,nd,Infans I,3,4
73,GA 41,Costa,Gatas,-19.51,9.77,Male,Old adult,2,1
74,GA 44,Costa,Gatas,-19.451806901581897,10.03,Female,Middle/Old adult,2,3
